,name,code,sector,main_product
0,JS전선,005560,절연선 및 케이블 제조업,"선박선,고무선,전력선,통신선 제조"
1,거북선2호,101380,,운송장비(선박) 임대
2,거북선6호,114140,,
3,교보메리츠,064900,,"부동산 투자,운용"
4,국제관광공사,028780,,
5,굿리치경매1,085450,,부동산 임대 및 공급
6,그린손해보험,000470,보험업,"손해보험(자동차,화재,해상,특종,장기보험)"
7,극동건설,000980,,"건축공사,토목공사,아파트건설,도로포장공사,플랜트설치공사,전기공사,전기통신공사/기술용역/주택 판매,빌딩 임대"
8,금성산업,028930,,
9,금호케미칼,014740,,
10,기라정보통신,019930,,"영상음향,통신장비,인쇄회로기판(PCB,MLB) 제조/비거주용건물 임대"
11,나라종금,016390,재 보험업,
12,뉴맥스,014080,,
13,대덕GDS,004130,전자부품 제조업,"인쇄회로기판 제조,무역대리"
14,대한종금,009030,,
15,동국무역,004420,,"합섬직물,면직물,봉제품,방적업,합성수지 제조,도매,수출입"
16,동부일렉트로닉스,001830,,"반도체,배선기구,전자손목시계,개폐장치 제조"
17,동북아14호선박투자,083390,,운수장비 임대
18,동북아9호,083120,,운송장비 임대
19,동아콘크리트공업,029230,,
20,두산상사,000090,,
21,라이프주택,010530,,
22,마이다스성일,035590,재 보험업,
23,미성건설,028400,,
24,보람은행,008890,,
25,보루네오가구,004740,가구 제조업,"가정용가구,주방가구,사무용가구,제재목 제조,도소매,무역(원목,합판)"
26,삼보증권,029150,,
27,삼성신약,003400,,
28,삼양제넥스,003940,기타 식품 제조업,"전분,전분당,사료,바이오그린,과당,솔비틀,올리고당,분해성수지 제조,수입(결정과당,CPP)"
29,서울교통공사,000730,,
30,세원화성,007910,,"합성수지(불포화 폴리에스터수지),우레탄폼,농업용필름,스폰지 제조"
31,송원칼라,011450,,"염료,안료,유연제 제조"
32,스마텔,004190,,"볼륨,스위치,센서,전화기 제조"
33,신승기업,028980,,
34,신정제지,018690,,
35,신한은행,000010,보험업,"은행업(은행업무,외국환업무,신탁업무)"
36,신호전자,008190,,
37,신호페이퍼,012190,,
38,아시아7호,082260,,운송장비 임대
39,아시아퍼시픽11호,083580,,운송장비 임대
40,아시아퍼시픽12호,083590,,운송장비임대
41,아시아퍼시픽15호,083620,운송장비 임대업,선박 임대
42,알바트로스,034180,재 보험업,
43,알앤엘바이오,003190,기초 의약물질 및 생물학적 제제 제조업,무역(컴퓨터주변기기)
44,에스지신성건설,001970,토목 건설업,"국내 및 해외종합건설,조경공사/부동산 임대,전문기술용역/수질오염방지.폐기물처리시설 설계시공,오수.축산폐수처리 시설 설계시공"
45,에이치비이에너지,017300,영상 및 음향기기 제조업,"모니터,파워서플라이,팩시밀리,위성방송수신기,인터넷전용셋롭박스 제조,판매,수출"
46,엘아이지건설(주),012720,,"종합건설,주택,아파트 건설"
47,연합과기,900030,회사 본부 및 경영 컨설팅 서비스업,"PU피혁, 직조 및 염색"
48,영풍산업,002850,비알코올음료 및 얼음 제조업,"광업(연정광,아연정광,금정광)/건축공사,토목공사/주택 분양"
49,우성건설,008640,,
50,우진건설산업,029110,,
51,우진전기,012050,,
52,유리이에스,007050,특수 목적용 기계 제조업,"주조품(압연롤러),ROLL가공,중기부품가공,레미콘임대"
53,이지닷컴,012260,,
54,장기은행,005020,,
55,제일종금,012500,,
56,제일화재해상보험,000610,보험업,"화재보험,해상보험,자동차보험,장기저축성보험,각종손해보험 및 부대사업"
57,조선맥주,034380,,
58,중앙제지,005600,,"펄프,종이,종이제품(마니라판지,로루지) 제조,복사용지 도매"
59,중앙종금,008990,재 보험업,
60,지비베트남1,094950,신탁업 및 집합투자업,투자신탁
61,캠브리지코오롱,004620,봉제의복 제조업,"신사복(자켓,남성슈트,남성바지,남성레인코트,남성코트),캠브리지 제조,도매/부동산 임대"
62,케니상사,028560,,
63,코리아01호,090970,,운수장비(선박) 임대
64,태림페이퍼,019300,"펄프, 종이 및 판지 제조업",골판지 원지 및 판지제조
65,트러스제7호,140890,부동산 임대 및 공급업,
66,티엘씨레저,014590,유원지 및 기타 오락관련 서비스업,"피혁의류(쟈켓,스커트,바지),피혁원단 제조,무역"
67,팬택앤큐리텔,063350,,"이동통신단말기 제조,도소매"
68,평안섬유공업,028360,,"캐주얼웨어 제조,판매"
69,플래티넘1호,034580,재 보험업,
70,한국생사,028380,,
71,한국운수,028750,,
72,한국코아,010150,,"EI-CORE,STRIP,모터코아,PERMALLAY코아,규소강판코어,금형 제조,도매,무역"
73,한길종금,014430,,
74,한솔아트원제지,007190,"펄프, 종이 및 판지 제조업","아트지,백상지등 제조"
75,한솔종금,010220,,
76,한주전자,007000,,
77,한주화학,010970,,
78,한화기계,000930,,
79,한화화인케미칼,025850,기초 화학물질 제조업,"정밀화학제품(TDI(Toluene diisocyanate,폴리우레탄원료)와 TDI부산물(염산 등),MPP) 제조"
80,현대DSF,016510,종합 소매업,"백화점,통신판매,부동산 임대"
81,현대반도체,029890,,
82,현대하이스코,010520,1차 철강 제조업,"강관(탄소강관,스테인레스강관,이중보온관,메폴파이프), 차량경량화제품 제조"
83,화인자산관리,010460,기타 금융업,"기타금융업,기타투자업"
84,흥양,010030,,
85,GS,078930,기타 금융업,지주회사/부동산 임대
86,GS글로벌,001250,상품 종합 도매업,"수출입업(시멘트,철강금속,전기전자,섬유,기계화학),상품중개,광업,채석업/하수처리 서비스/부동산 임대"
87,HDC현대산업개발,294870,건물 건설업,"외주주택, 자체공사, 일반건축, 토목 등"
88,HSD엔진,082740,일반 목적용 기계 제조업,"대형선박용엔진,내연발전엔진"
89,LG이노텍,011070,전자부품 제조업,기타 전자부품 제조업
90,LG전자,066570,통신 및 방송 장비 제조업,"이동통신단말기,C-TV,V.C.R.,컴퓨터,완전평면 TV,플라즈마 디스플레이 패널 TV,전자제품(세탁기외),CDMA(코드분할다중접속)이동통신,전자교환기,전송기기"
91,LG헬로비전,037560,텔레비전 방송업,"케이블TV, 인터넷서비스 등"
92,LS산전,010120,"전동기, 발전기 및 전기 변환 · 공급 · 제어 장치 제조업","고압기기,저압기기,변압기,배전반,PLC,인버터,빌딩설비,공조기,건축배관,자동화기기 제조,동가공"
93,OCI,010060,기초 화학물질 제조업,"타르제품,카본블랙,무수프탈산,농약원제,석탄화학제품,정밀화학제품,플라스틱창호재 제조,판매"
94,S&T모티브,064960,자동차 신품 부품 제조업,"자동차부품(서스펜션모듈,전장품,속옵서버,에어백,트로틀바디,너클),방산품(총포) 제조,도매"
95,SK네트웍스,001740,기타 전문 도매업,"종합무역업(전자전기제품,섬유,에너지화학제품,철강금속제품),의류,수입산합판,MDF판매,정보통신사업,에너지유통사업"
96,SK이노베이션,096770,석유 정제품 제조업,"석유정제,석유화학제품,윤활유제품,아스팔트제품,의약중간체 제조,판매,유전개발,대체에너지사업"
97,STX,011810,상품 종합 도매업,"에너지 원료(석탄,석유),산업기자재(기계부품) 도매"
98,WISCOM,024070,플라스틱제품 제조업,"플라스틱제품(PVC컴파운드,ABS,PS가공) 제조,도매,임가공"
99,경동인베스트,012320,석탄 광업,지주회사
100,고려아연,010130,1차 비철금속 제조업,"연,아연괴 제조,판매"
101,광명전기,017040,"전동기, 발전기 및 전기 변환 · 공급 · 제어 장치 제조업","수배전반,가스절연개폐장치,빌딩자동화시스템,중앙감시반,자동제어반 제조,도소매,무역"
102,국보,001140,도로 화물 운송업,"화물자동차운송,콘테이너운송,수출입화물보관,도로운송,CY보관,하역"
103,극동유화,014530,석유 정제품 제조업,"윤활유,유동파라핀,왁스,방수용시트,아스팔트 제조/수입자동차,부품 도매/가스충전,산업설비 청소"
104,남양유업,003920,낙농제품 및 식용빙과류 제조업,"시유,조제분유,발효유,이유밀,치즈,프렌치까페 제조,도매"
105,대림비앤코,005750,"내화, 비내화 요업제품 제조업","위생도기,내장타일,조립식욕실제품 제조,판매/부동산 임대"
106,대영포장,014160,"골판지, 종이 상자 및 종이용기 제조업","골판지원단,골판지상자 제조"
107,대원화성,024890,플라스틱제품 제조업,"합성피혁,벽지,DMF(폐용수)정제,방수투습원단,화공약 임가공,제조,도매,수출입"
108,대창,012800,1차 비철금속 제조업,"황동봉,동합금괴 제조,판매"
109,대한해운,005880,해상 운송업,"외항화물운송,국제해운대리점"
110,동아쏘시오홀딩스,000640,기타 금융업,"의약품(피로회복제/박카스,병원용의약품),비의약품(의료기기,염모제,가글제) 제조,도소매/화장품 생산"
111,동양,001520,"시멘트, 석회, 플라스터 및 그 제품 제조업",레미콘/건설공사/산업용 송풍기
112,두산,000150,회사 본부 및 경영 컨설팅 서비스업,"동박적층판 등 제조 및 판매, 유압기기 등 제조 및 판매, 지게차 제조 및 판매, IT 시스템 개발/운영 서비스 등, 연료전지 등"
113,디와이,013570,기타 금융업,"자동차부품,유공압기기,소각로,자동세차기,하훼유통,발효기,모터 제조"
114,마니커,027740,"도축, 육류 가공 및 저장 처리업","닭고기,햄,계육가공제품,계육,육가공제품 제조,판매,유통/양계관련사업/부동산임대/수출입대행"
115,메리츠금융지주,138040,기타 금융업,투자사업
116,모두투어리츠,204210,부동산 임대 및 공급업,"호텔 부동산 취득, 관리, 개량 및 처분"
117,부국증권,001270,금융 지원 서비스업,"유가증권 매매,위탁매매,인수,주선"
118,삼성SDI,006400,일차전지 및 축전지 제조업,"칼라브라운관,PDP,평판표시관,모니터,휴대용 디스플레이,폴리머전지(2차전지),초박형브라운관,전계발광소자 제조,판매"
119,삼성바이오로직스,207940,기초 의약물질 및 생물학적 제제 제조업,바이오의약품
120,삼성출판사,068290,"서적, 잡지 및 기타 인쇄물 출판업","서적 출판,인쇄,소매/부동산 임대"
121,삼성화재해상보험,000810,보험업,"손해보험의 원수,재보험,운용자산의 투자활동"
122,삼영전자공업,005680,전자부품 제조업,"전자부품(알루미늄 전해콘덴서),전기이중층콘덴서,센서 제조,도매"
123,상상인증권,001290,금융 지원 서비스업,유가증권 매매
124,선진,136490,동물용 사료 및 조제식품 제조업,조제동물사료
125,성창기업지주,000180,회사 본부 및 경영 컨설팅 서비스업,"합판, 마루, 파티클보드, 우드칩, 포르말린 등 제조"
126,세방전지,004490,일차전지 및 축전지 제조업,"자동차용 및 산업용 축전지(연축전지) 제조,판매"
127,세원셀론텍,091090,"구조용 금속제품, 탱크 및 증기발생기 제조업","화학플랜트 설비,기계 제작(음식료,석유화학사업관련)/유공압기기 판매"
128,신라교역,004970,어로 어업,"원양어업(참치,명태,휠레트,연육,명란,새우),어획물 판매/직물 수출"
129,신풍제약,019170,의약품 제조업,"의약품(항생제,혈전용해제,향정신성약품,구충제) 제조,판매"
130,신한알파리츠,293940,부동산 임대 및 공급업,비거주 부동산 임대 서비스업
131,신한지주,055550,기타 금융업,금융지주회사
132,에스원,012750,"경비, 경호 및 탐정업","부가통신 서비스(경비),안전관리용역,CCTV카메라"
133,영화금속,012280,자동차 신품 부품 제조업,"자동차부품,건축자재(관이음쇠) 제조,판매"
134,원림,005820,편조원단 제조업,"고무,플라스틱제품,산업용포장재,PP.BAG,타포린 제조,도매/부동산 임대/주택 신축,판매/인터넷 정보통신/벤처회사 투자"
135,윌비스,008600,생활용품 도매업,"스웨터,니트,셔츠 도매,제조/컴퓨터주변기기 무역,오파,임대"
136,유나이티드,033270,의약품 제조업,"홈타민 진생연질60C(비타민제),항암제,항생제,순환기계,해열진통제,소화기계약품 제조"
137,유니켐,011330,"가죽, 가방 및 유사제품 제조업","피혁 제조,도매,무역,부동산임대"
138,이구산업,025820,1차 비철금속 제조업,"동판.조,황동판.조,인청동판.조 제조,임가공/부동산 임대"
139,일동제약,249420,의약품 제조업,"아로나민, 후루마린, 큐란, 라비에트, 사미온 등"
140,일진다이아,081000,기타 화학제품 제조업,"공업용 합성다이아몬드 제조,도매,수출입"
141,제일약품,271980,의약품 제조업,의약품
142,제일연마,001560,기타 비금속 광물제품 제조업,"연마석,다이아몬드공구 제조,도소매/주택건설"
143,제일파마홀딩스,002620,회사 본부 및 경영 컨설팅 서비스업,"의약품(타리비드,제일파프,노엘,푸라솔) 제조,도매"
144,제주항공,089590,항공 여객 운송업,"여객운송서비스, 화물운송서비스"
145,조흥,002600,기타 식품 제조업,"휘핑크림,인스턴트이스트,프루츠칵테일,크림치즈,견과류,건조과일 제조,판매/주택 신축,판매"
146,지역난방공사,071320,"증기, 냉·온수 및 공기조절 공급업","집단에너지공급 및 전기,증기 생산,판매"
147,지코,010580,자동차 신품 부품 제조업,"자동차부품(워터펌프,오일펌프,엔진헤드(GV6),프론트케이스) 제조"
148,진도,088790,기타 전문 도매업,"모피제품 제조,가공"
149,진양폴리우레탄,010640,플라스틱제품 제조업,"폴리우레탄,폴리우레탄스폰지 제조,판매"
150,컨버즈,109070,"골판지, 종이 상자 및 종이용기 제조업","크라프트지,박엽지"
151,코오롱인더,120110,화학섬유 제조업,"산업자재, 화학, 필름"
152,크라운제과,264900,기타 식품 제조업,"비스킷, 스낵, 당과"
153,크라운해태홀딩스,005740,기타 금융업,"비스켓,쵸코렛,사탕,웨이퍼 제조,도매"
154,태경산업,015890,기초 화학물질 제조업,"제강용 정련제(프락스),카바이드,중질탈산칼슘 제조,판매/고속도로휴게소 운영"
155,태광산업,003240,화학섬유 제조업,"석유화학제품(PTA,AN),화섬사,직물 등"
156,토니모리,214420,기타 화학제품 제조업,"스킨케어 베이직, 포인트 메이크업, 스킨케어 스페셜, 베이스 메이크업 등"
157,포스코케미칼,003670,"내화, 비내화 요업제품 제조업","내화물, 생석회, 음극재 및 양극재"
158,필룩스,033180,전자부품 제조업,"전자부품(페라이트코아,트랜스포머,데코램프) 제조/온라인정보 제공/부동산 임대"
159,한국공항,005430,기타 운송관련 서비스업,"항공기 지상조업,항공화물 상하역,장비대여,항공용역사업,항공기급유,항공화물 취급,보관,부정기헬기운송,여행알선,광업,먹는샘물 제조,농축산업"
160,한국제지,002300,"펄프, 종이 및 판지 제조업","인쇄용지,아트지,백상지 제조"
161,한국종합기술,023350,"건축기술, 엔지니어링 및 관련 기술 서비스업","토목설계,건축설계,감리,측량/토목건축공사"
162,한국철강,104700,1차 철강 제조업,철근. 단조강. 파이프
163,한국패러랠,168490,신탁업 및 집합투자업,
164,한라홀딩스,060980,기타 금융업,지주회사 및 경영컨설팅 서비스업
165,한미약품,128940,의약품 제조업,의약품
166,한세실업,105630,봉제의복 제조업,의류 완제품
167,한솔로지스틱스,009180,기타 운송관련 서비스업,"지류펄프 보관창고 운영/화물취급,화물운송알선,물류컨설팅/종합쇼핑몰운영,통신판매,인터넷백화점"
168,한창제지,009460,"펄프, 종이 및 판지 제조업","마닐라판지,고급백판지(ALL PULP) 제조,판매,수출입"
169,한화갤러리아타임월드,027390,종합 소매업,"백화점,부동산임대,신용카드업,주차장"
170,한화생명,088350,보험업,생명보험
171,현대건설,000720,토목 건설업,"공사수입,주택분양,건설산업부문 설계,감리 등 엔지니어링서비스"
172,현대건설기계,267270,일반 목적용 기계 제조업,"굴삭기, 지게차, 휠로더 등"
173,현대모비스,012330,자동차 신품 부품 제조업,"자동차A/S용 부품,컨테이너,특수중기,산업기계제품 생산,판매,부품모듈화,부품수출사업,환경/플랜트사업,특수중기부문(컨테이너)"
174,현대차증권,001500,금융 지원 서비스업,"유가증권의매매,위탁매매,유가증권의 중개,대리/부동산 임대"
175,현대홈쇼핑,057050,무점포 소매업,TV홈쇼핑 도소매/홈쇼핑프로그램 제작
176,호전실업,111110,봉제의복 제조업,스포츠웨어 및 아웃도어 웨어 OEM
177,호텔신라,008770,기타 상품 전문 소매업,"면세판매,관광숙박,외식사업,예식업"
178,효성,004800,기타 금융업,"스판덱스,합성원사,나일론,폴리에스터,타이어코드지,PET병,수지제품,중전기제품(변압기,차단기),사무용기계,컴퓨터 제조/건축공사"
179,효성중공업,298040,"전동기, 발전기 및 전기 변환 · 공급 · 제어 장치 제조업",-
180,LG종금,008810,,
181,거북선4호,108890,,
182,경남에너지,008020,연료용 가스 제조 및 배관공급업,도시가스공급
183,경동산업,002940,,
184,경일화학공업,028580,,
185,국민은행_(합병전),023130,보험업,
186,금강피혁,013040,,
187,금성투자금융,028450,,
188,기린,006070,기타 식품 제조업,"빵,과자,빙과류 제조,도매"
189,기산,011470,,
190,남양소금,029060,,
191,대농,001110,,"면사,면직물,의류 제조,염색가공,판매,무역"
192,대성자원,004260,,
193,대우전자,007410,,"방송장비,가전제품,산업용전자제품 제조"
194,대우중공업,000200,,"건설중기,차량용,선박용,산업용 디젤엔진,철도차량,부품,자동창고,파렛타이저 제조"
195,대일화학공업,003110,,"파스류,밴드,반창고류,공업용,가정용 접착테이프 제조,도매"
196,대한모방,001350,,
197,대한알루미늄공업,009050,,"알루미늄합금,알루미늄괴,알루미늄판,알루미늄압연제품 제조,판매,원자재 수입"
198,대호,001980,,"건설업(토목,건축,전기,도로포장,주택건설),CATV 방송/부동산임대업"
199,동국중기공업,028410,,
200,동북아21호선박투자,088010,,운수장비 임대
201,동아금고,030710,재 보험업,
202,동양현대종금,008980,재 보험업,
203,동양화학공업,002740,,
204,동원증권,005890,,"수입수수료,금융수익,증권매매익"
205,럭키소재,034370,,
206,롯데미도파,004010,종합 소매업,"백화점,할인마트/부동산 임대,매매"
207,문화방송,028860,,"텔레비전 방송,라디오 방송,광고업"
208,박현주2성장,037480,재 보험업,
209,범양식품,008750,,"청량음료(콜라,환타,킨사이다,하이-C,암바사) 제조,도매"
210,범화건설,029080,,
211,부국제강,029170,,
212,삼보컴퓨터,014900,,"컴퓨터,프린터,주변기기 제조,도매"
213,삼삼종금,016500,,
214,삼성물산,000830,기타 전문 도매업,"무역(전자제품,중화학제품)/종합건설공사,주택건설공사"
215,삼신,011540,,
216,삼양엔텍,008720,특수 목적용 기계 제조업,"프레스 제지기계,산업기계,파워프레스,선철주물,롤 제조,판매"
217,새서울상사,028350,,
218,새한상사,028990,,
219,서광,003260,,"의류 제조,도매,수출입"
220,서진식품,028550,,
221,성지건설,005980,토목 건설업,"토목공사,건축공사,전기공사,포장공사,분양,임대"
222,승리기계제작소,028540,,
223,신한은행(조흥),015580,보험업,"은행,신탁,외국환업무/부동산 임대"
224,아시아퍼시픽13호,083600,,운송장비 임대
225,아시아퍼시픽14호,083610,,운송장비 임대
226,에스와이,004530,"곡물가공품, 전분 및 전분제품 제조업","배합사료,필터플럭,타일,위생도기,건축용자재,이중바닥구조물 제조,도매"
227,에프지엔개발리츠,119250,부동산 임대 및 공급업,
228,영원통신,028520,,
229,우리금융지주,053000,기타 금융업,금융지주회사
230,인천중공업,028770,,
231,일신,031060,,
232,제일저축은행,024100,은행 및 저축기관,"상호부금,예수금수신,부금대출,여신업(할인어음)"
233,중국고섬,950070,회사 본부 및 경영 컨설팅 서비스업,폴리에스터 섬유
234,진성레미컨,002910,,
235,진영산업,004330,,
236,청화상공,016490,,
237,카스코,005330,,"특장차,자동차 부품(제동장치,현가장치,구동장치,조향장치),전용기,공장자동화장치 제조"
238,케이엠에이치,009690,절연선 및 케이블 제조업,"특수전선,열수축튜브,코드,전선,와이어,전자부품,화장품 제조,도매,수출"
239,코리아03호,090990,,운수장비 임대
240,코크렙II,070540,,"부동산(사무실) 임대,매매,취득,관리,개량"
241,코크렙제3호CR리츠,073530,부동산 임대 및 공급업,"부동산 임대,매매"
242,태화쇼핑,015880,,
243,태흥피혁,016680,,
244,티이씨코,008900,절연선 및 케이블 제조업,통신케이블
245,풍진,028640,,
246,플래티넘3호,035040,재 보험업,
247,플래티넘타겟,035050,재 보험업,
248,하나은행,002860,보험업,"은행업무,신탁업무(이자수익,수수료수익),외국환업무"
249,한일방직,004210,,
250,한일양행의약품,004350,,
251,한주통산,000450,,
252,한진건설,005660,,
253,한화폴리드리머,003500,,"포장재(스넥,아이스크림,각종 식품포장재),프라스틱용기(즉석라면,빙과류 용기),광고용 원단 제조,판매,수출입"
254,허메스홀딩스,012400,통신 및 방송 장비 제조업,"중계기,튜너(카오디오용,TV,SVR) 제조"
255,현대경매부동산일호,083160,신탁업 및 집합투자업,부동산 임대 및 공급
256,현대리바트,012830,,
257,현대페인트,011720,기타 화학제품 제조업,"페인트,합성칠,합성수지,카슈 제조,도매"
258,호승,017070,,
259,AJ네트웍스,095570,산업용 기계 및 장비 임대업,"렌탈(파렛트, OA장비, 건설장비)"
260,BGF리테일,282330,종합 소매업,체인화 편의점
261,CJ CGV,079160,"영화, 비디오물, 방송프로그램 제작 및 배급업","영화상영,영화관 운영"
262,DSR제강,069730,1차 철강 제조업,"와이어로프,각종 경강선,철선제품,PC강선,아연도 강연선 제조"
263,GKL,114090,유원지 및 기타 오락관련 서비스업,카지노
264,GS건설,006360,건물 건설업,"토목공사,건축공사,주택공사,산업플랜트공사,리모델링공사,시설물유지관리공사/산업설비설계,감리 용역,수출입/에너지관리 진단,연구개발"
265,KB금융,105560,기타 금융업,-
266,SKC,011790,기타 화학제품 제조업,"폴리에스테르필름,합성수지,LCD용 필름 제조"
267,금호산업,002990,건물 건설업,"종합건설/여객운송,관광/부동산 임대,분양"
268,금호전기,001210,전구 및 조명장치 제조업,"형광등,백열전구,전구식현광등,실드빔(차량용전조) 제조,판매"
269,기업은행,024110,은행 및 저축기관,은행업
270,남선알미늄,008350,1차 비철금속 제조업,알미늄샷시 제조/환경사업
271,남성,004270,기타 전문 도매업,"수출입(카오디오)/통신기기 제조,판매/이동통신,유선방송,정보통신/생활필수품,식품 판매/부동산 임대"
272,대구백화점,006370,종합 소매업,"백화점운영,임대사업(백화점 코너)"
273,대덕전자,008060,전자부품 제조업,"산업용 인쇄회로기판,다층 인쇄회로기판,빌드업기판,반도체패키지기판,메모리모듈기판 제조"
274,대우건설,047040,건물 건설업,"아파트건설,토목공사,건축공사,포장공사,전기공사,무역/중장비 대여"
275,대원제약,003220,의약품 제조업,"의약품(해열소염진통제,진해거담제,동맥경화용제,혈압강하제 등), 건강기능식품(프로바이오틱스 등)"
276,대한방직,001070,직물직조 및 직물제품 제조업,"면사,화섬사,면직물 제조,판매,건설"
277,대한제당,001790,"곡물가공품, 전분 및 전분제품 제조업","제당,가축용 배합사료,설탕,기능성감미료(자일로올리고당),외식산 제조,도소매/부동산 임대"
278,대현,016090,봉제의복 제조업,"여성의류 및 악세사리류 제조,도매,유통(백화점)"
279,동방아그로,007590,"비료, 농약 및 살균, 살충제 제조업","농약(잡초발생전 토양처리형 밭잡초약,부메랑,주움,그라목손) 제조,도매"
280,동부제철,016380,1차 철강 제조업,"철강재(냉연강판,아연도강판,칼라강판,석도강판,선재류,강관,형강,봉강),비철금속 제조,도매"
281,동성제약,002210,의약품 제조업,"의약품,화장품 제조,도매"
282,동원금속,018500,자동차 신품 부품 제조업,"자동차부품(도어후레임,머플러,임팩트빔),강관 제조,판매"
283,두산인프라코어,042670,특수 목적용 기계 제조업,"굴삭기,엔진 제조,도소매"
284,디씨엠,024090,1차 철강 제조업,"PCM(칼라강판),라미네이트강판,산업용필름 제조,판매"
285,디티알오토모티브,007340,일차전지 및 축전지 제조업,자동차용 밧데리
286,락앤락,115390,플라스틱제품 제조업,플라스틱 밀폐용기
287,롯데손해보험,000400,보험업,손해보험업
288,롯데칠성음료,005300,비알코올음료 및 얼음 제조업,"청량음료,과채류음료,곡류음료,주류 제조,판매/자동차정비,연수원"
289,만도,204320,자동차 신품 부품 제조업,"제동장치, 조향장치, 현가장치"
290,미래에셋생명,085620,보험업,생명보험상품
291,미원홀딩스,107590,기타 금융업,도료첨가제
292,백산,035150,플라스틱제품 제조업,"P.U.인조피혁,부직포인공피혁 제조,무역"
293,보락,002760,기타 화학제품 제조업,"식품향료,식품첨가물,화학제품,껌베이스(자일리톨,에리스리톨),담배향료 제조,판매"
294,사조대림,003960,수산물 가공 및 저장 처리업,"게맛살,어육연제품,식용류,배합사료 제조"
295,사조동아원,008040,"곡물가공품, 전분 및 전분제품 제조업","제분, 배합사료 제조"
296,사조오양,006090,수산물 가공 및 저장 처리업,"원양어업/수산물가공(게맛살) 제조,수출입/냉동 및 냉장보관/부동산 임대"
297,삼부토건,001470,토목 건설업,"토목공사,건축공사,포장공사,건설업,분양사업/건설자재 제조"
298,삼양식품,003230,기타 식품 제조업,"라면,스낵,유제품,장유,식용유,사료,향신료,건강음료(루이보스 티) 제조,도매"
299,삼양홀딩스,000070,기타 금융업,"지주회사,경영자문컨설팅"
300,삼호,001880,건물 건설업,"도로건설공사,토목공사,건축공사,조경공사/부동산 임대,매매"
301,삼화전자공업,011230,영상 및 음향기기 제조업,"전자부품(페라이트 코어,SMPS,편향요크(DY),고압변성기(FBT)용코어) 제조,판매"
302,삼화콘덴서공업,001820,전자부품 제조업,콘덴서(축전기) 제조
303,서원,021050,금속 주조업,"비철금속(황동 빌레트,인코트) 제조,재생원료생산"
304,세방,004360,도로 화물 운송업,"도로운송,항만하역,창고,지게차 임대"
305,세아홀딩스,058650,1차 철강 제조업,지주회사/투자 및 경영컨설팅/부동산 임대
306,세이브존I&C,067830,종합 소매업,"대형할인점(백화점)/부동산 임대/주차장,문화센터 운영"
307,신성통상,005390,기타 전문 도매업,"의류,악세사리(모자,벨트,가방) 도매/의류 제조"
308,신송홀딩스,006880,산업용 농·축산물 및 동·식물 도매업,사업경영 및 관리자문
309,신일산업,002700,기계장비 및 관련 물품 도매업,"가정용 전기기구(선풍기,난로,세탁기),전자기구,연구기구 제조,수출입"
310,아시아나항공,020560,항공 여객 운송업,"항공운송(여객운송,화물운송)/항공기 제조,정비수리"
311,아이마켓코리아,122900,상품 종합 도매업,B2B 전자상거래
312,아이에이치큐,003560,"영화, 비디오물, 방송프로그램 제작 및 배급업","매니지먼트, 음반, 드라마 제작, 유료방송, 프로그램 공급, 광고대행"
313,엔씨소프트,036570,소프트웨어 개발 및 공급업,"인터넷머그게임(리니지),그룹웨어,인터넷커뮤니티 개발,유지,공급"
314,영보화학,014440,플라스틱제품 제조업,"가교발포폴리에틸렌(아티론,영보드) 제조,판매"
315,영진약품,003520,의약품 제조업,"의약품(드링크제,항생제,영양수액제),의약부외품 제조,판매"
316,영풍,000670,1차 비철금속 제조업,"제1차 금속산업(아연괴,황산,카드뮴괴),건전지 제조,무역"
317,예스코홀딩스,015360,기타 금융업,지주사업
318,우리들휴브레인,118000,기계장비 및 관련 물품 도매업,의료기기 도매
319,유유제약,000220,의약품 제조업,"의약품 제조,판매"
320,유한양행,000100,의약품 제조업,"의약품(삐콤씨,알마겔,세파졸린주사,아코텍스주사,이세파신,신생아호흡곤란치료제 등),생활용품(유한락스,비누,홈키파),식혜 도매"
321,이마트,139480,종합 소매업,대형마트
322,이수화학,005950,기초 화학물질 제조업,"등유,알킬벤젠,윤활유,노말파라핀 제조,도매"
323,일정실업,008500,편조원단 제조업,"자동차시트원단,의류,완구직물 제조,염색가공"
324,일진홀딩스,015860,기타 금융업,"전기산업용기기(개폐기,차단기,배전반),자동화시스템,자동차엔진부품,절연전선,금구류,고압선,저압선 제조,판매/전기공사,가스절연차단기"
325,제주은행,006220,은행 및 저축기관,"은행업무,외국환업무,신탁업무"
326,종근당,185750,의약품 제조업,"딜라트렌,리피로우"
327,종근당홀딩스,001630,의약품 제조업,"의약품(항생제,위궤양치료제,장기이식면역억제제,고지혈증치료제(로바이드)) 제조,도매"
328,진에어,272450,항공 여객 운송업,"여객, 화물 등 항공운송"
329,진원생명과학,011000,의약품 제조업,"의류용심지(인터론),가공직물(패브론) 제조,도소매"
330,케이씨텍,281820,"측정, 시험, 항해, 제어 및 기타 정밀기기 제조업; 광학기기 제외","반도체, 디스플레이 제조 장비"
331,케이티,030200,전기 통신업,"유무선통신사업,공중전기통신사업,인터넷,전자상거래,네트워크(전용회선,데이터통신,초고속사업 등)"
332,코스모화학,005420,기타 화학제품 제조업,"이산화티타늄 및 부산물, 황산코발트 및 부산물"
333,코아스,071950,가구 제조업,"사무용가구,금속가구 도매,제조"
334,코오롱머티리얼,144620,화학섬유 제조업,"합성섬유 제조/직물 도매,무역"
335,쿠쿠홀딩스,192400,기타 금융업,주방용 전기기기 제조업
336,큐로,015590,일반 목적용 기계 제조업,"열교환기,압력용기,저장탱크,산업용보일러 제조"
337,태경화학,006890,기초 화학물질 제조업,"드라이아이스,액체탄산,고체탄산 제조"
338,태영건설,009410,토목 건설업,"종합건설업(토목공사,도로공사,건축공사,관급공사,환경공사,상하수도공사,하수종말처리공사)/부동산 임대,매매"
339,티비에이치글로벌,084870,봉제의복 제조업,"캐주얼의류,여성의류,남성의류 제조,도소매"
340,하이트론씨스템즈,019490,영상 및 음향기기 제조업,"영상음향기기(보안시스템,CCTV용 모니터,CRT,화상회의시스템),정보통신기기 제조"
341,하이트진로,000080,알코올음료 제조업,소주
342,한국금융지주,071050,기타 금융업,금융지주회사
343,한국주철관공업,000970,1차 철강 제조업,"수도용주철관,강관 제조"
344,한국테크놀로지그룹,000240,기타 금융업,"고무타이어,고무튜브,후랩,알루미늄휠의 제조,판매,임대수익,물품운반용기,포장용기(프라스틱)"
345,한국토지신탁,034830,신탁업 및 집합투자업,부동산신탁 등
346,한일시멘트,300720,"시멘트, 석회, 플라스터 및 그 제품 제조업","시멘트, 레미콘, 레미탈"
347,한일철강,002220,1차 철강 제조업,"강관류,철판류,금속관류,건축자재,자동차부품 제조,도매"
348,한전KPS,051600,전기 및 통신 공사업,"일반전기공사,발전설비정비공사,점검,수리,엔지니어링"
349,한화시스템,272210,"측정, 시험, 항해, 제어 및 기타 정밀기기 제조업; 광학기기 제외","정밀기기(육해공군관련전자제어시스템,열영상감시장비,탐지추적장치,전투지휘체계시스템) 제조"
350,현대에이치씨엔,126560,텔레비전 방송업,방송업
351,현대위아,011210,자동차 신품 부품 제조업,"자동차부품, 공작기계 등"
352,현대중공업지주,267250,석유 정제품 제조업,"산업용 로봇, 클린용 로봇, 조선 기자재 등"
353,현대코퍼레이션홀딩스,227840,음·식료품 및 담배 도매업,"브랜드사업, 육류유통"
354,화승인더스트리,006060,플라스틱제품 제조업,"포장용 합성수지 제조/신발,필름 판매/부동산 임대"
355,화천기공,000850,특수 목적용 기계 제조업,"CNC선반,CNC밀링,연마기(금속공작기계),MC공작기계,COPY밀링기계,주방품 제조,도매"
356,환인제약,016580,의약품 제조업,"의약품(신경정신질환치료제,소화기관용약제,연고) 제조,도매"
357,효성화학,298000,기초 화학물질 제조업,-
358,KB캐피탈,021960,기타 금융업,"시설대여,렌탈,팩토링"
359,LG금속,000170,,"유동화자산운용,기타금융"
360,갑을,009840,,"나일론직물,폴리에스터직물,레이온직물,면직물 염색,가공,수출"
361,경남은행,192520,은행 및 저축기관,은행업
362,경성전기,028740,,
363,계몽사,011840,,"아동도서,학습지,잡지"
364,고려증권,002730,,
365,고합물산,007380,,
366,국민은행,060000,은행 및 저축기관,"은행,신탁,보험,부동산 임대"
367,금강산업,028970,,
368,금성기전,007230,,
369,금성통신,006270,,
370,기온물산,028510,,
371,다산리츠,105380,부동산 임대 및 공급업,
372,다함이텍,009280,회사 본부 및 경영 컨설팅 서비스업,"녹음기부품,카세트테이프레코더,동 데크메카니즘,CDP,플로직시스템 제조"
373,대구종금,014390,,
374,대신불펀드일,036390,재 보험업,
375,대아리드선,009940,,"전자부품(리드선,CP선,알루미늄선) 제조,도매"
376,대우정밀공업,015730,,
377,대한염업,028890,,
378,동국전자,012220,,
379,동산씨앤지,001400,,
380,동서호라이즌증권,001090,,
381,동신,012270,,"주택,상가 건설,분양/토목공사,전기공사,포장공사,소방설비공사,철강재설치공사,해외건설/재건축사업"
382,동화은행,021310,,
383,두산건설,011160,건물 건설업,"토목건축,화학기계,전동기,발전기및전기변환장치,레미콘"
384,두산백화,000330,,
385,두산테크팩,001690,,
386,레이디,025840,,
387,리젠트종금,015650,재 보험업,
388,리젠트화재보험,001030,금융 지원 서비스업,
389,마이크로닉스,001190,방적 및 가공사 제조업,"화섬사,쉐타,양말 제조/아파트건설 분양"
390,만도기계,005790,,"자동차부품(냉방열기,내연기기부품,후크,운전대),에어컨 제조,도매"
391,미우,009990,,
392,바다로3호,092630,,운수장비 임대
393,반도목재,029250,,
394,벽산건설,002530,건물 건설업,"건설공사/주택 분양,임대,판매"
395,부산은행,005280,은행 및 저축기관,"은행,외국환업무,신탁업무"
396,부흥,003930,,"신사복(쟌피엘) 제조,판매"
397,산은캐피탈,008270,재 보험업,"시설대여,신기술사업자에 대한 투자,융자,팩토링,주식투자,리스"
398,삼도물산,002930,,"의류(청바지,쟈켓,셔츠,스커트류),지퍼 제조,도매,부동산임대업"
399,삼양종금,014450,,
400,삼익주택,005580,,"아파트,국내공사"
401,삼화프라스틱,028950,,
402,새한종금,011960,,
403,서울저축은행,016560,은행 및 저축기관,상호신용금고/부동산 임대
404,선진지주,014300,"곡물가공품, 전분 및 전분제품 제조업","배합사료(양돈용사료,양계용사료,축우용사료),육가공품,식육제품 제조"
405,스타리스,018020,재 보험업,"시설대여,팩토링"
406,신광기업,001580,,"형광등,전구식형광,안정기,등기구 도매,제조"
407,신동방CP,004660,,"전분,전분당 제조"
408,신원제이엠씨,001160,,
409,신한종금,016350,,
410,신한카드,032710,재 보험업,"신용카드,팩토링,할부금융,리스,자산부채종합관리"
411,아시아5호,082240,,운송장비 임대
412,아이넥스,008440,,
413,양우화학공업,028590,,
414,우단,016260,,
415,울산실업,029100,,
416,장인환1호,036870,재 보험업,
417,중원전자,028610,,
418,청구,011510,,"주택건설,건축공사,토목공사/부동산 임대,공급,신축판매"
419,코크렙1호부동산투자,067910,,"부동산 임대,공급"
420,태양이앤테크,013070,,
421,태창목재공업,029140,,
422,태평양제약,016570,의약품 제조업,"의약품(이리트렌,리비탈,케토톱) 제조,판매"
423,평산차업,950010,회사 본부 및 경영 컨설팅 서비스업,지주회사
424,플래티넘2호,034850,재 보험업,
425,피어리스,002130,,
426,한국고덴시,027840,반도체 제조업,"광반도체소자(포토센서,포토커플러,포토TR),실내용전광판(LDM,픽셀),광반도체응용제품,프린터용센서(광센서),프린터용해드,광통신부품 제조/무역"
427,한국물산,011820,,
428,한국씨티은행,016830,보험업,"은행업,신탁업,외국환업무/부동산 임대/판매(복권등)대"
429,한국주택은행,027460,보험업,
430,한메NS,006150,,P.C.B원판(인쇄회로판) 제조
431,한스종금,012710,재 보험업,
432,현대푸드,114410,음식점업,단체급식
433,환영철강공업,012670,,"전기로제강(철근,형강,압연제품,환봉,앵글,평철,찬넬,마환봉) 제조"
434,CJ제일제당,097950,기타 식품 제조업,"설탕,소맥분,조미식품,육가공식품(돈육,돼지비계,돼지식용설육),대두가공식품,사료,의약품,생활화학제품 제조,도매,무역/통신판매"
435,DRB동일,004840,기타 금융업,"고무벨트(V벨트,콘베이어벨트,평벨트),프라스틱제품 제조,판매"
436,HDC아이콘트롤스,039570,전기 및 통신 공사업,"기계설비공사, 스마트홈, 지능형 빌딩, SOC"
437,JB금융지주,175330,기타 금융업,금융지주 회사
438,KPX케미칼,025000,기초 화학물질 제조업,"PPG,PU RESIN,우레탄수지,대향막박리재,반도체 CM PAD,Polyether Polyol,산업용기초화학제품,화공약품 제조,판매"
439,KTis,058860,기타 정보 서비스업,"114전화번호안내, 고객센터"
440,LG상사,001120,상품 중개업,"전자,기계,화공,유류.금속,의류 수출입,도소매"
441,MH에탄올,023150,알코올음료 제조업,"주정,탄산가스 제조"
442,SBS,034120,텔레비전 방송업,"TV,라디오방송,광고"
443,SBS미디어홀딩스,101060,텔레비전 방송업,지주회사
444,SK증권,001510,금융 지원 서비스업,"증권업,부동산 임대"
445,SK텔레콤,017670,전기 통신업,"이동전화,무선호출서비스,부가통신"
446,STX중공업,071970,일반 목적용 기계 제조업,"조선기자재, 기계부품, 엔진산업환경발전설비, 플랜트(EPC)"
447,경농,002100,"비료, 농약 및 살균, 살충제 제조업","완제농약(잡초약,살충제,살균제) 제조"
448,고려개발,004200,토목 건설업,"도로건설공사,토목공사,건축공사"
449,광전자,017900,반도체 제조업,"트랜지스터,SMD TR,발광소자,리모콘모듈,발광다이오드(L.E.D),다이오드용웨이퍼팹(Fab) 제조,판매"
450,교보증권,030610,금융 지원 서비스업,"유가증권 매매,중개,대리,인수"
451,국동,005320,생활용품 도매업,"셔츠,스웨터,파자마(섬유제품) 제조,판매,수출/부동산 임대"
452,국제약품,002720,의약품 제조업,"항생제,안약,제약 제조,도매"
453,금양,001570,기초 화학물질 제조업,"발포제,사카린,OPTSA,베나졸,TCA 제조"
454,까뮤이앤씨,013700,건물 건설업,"토목공사,건축공사/부동산 임대"
455,나노메딕스,074610,일반 목적용 기계 제조업,소방자동차 제조
456,남해화학,025860,"비료, 농약 및 살균, 살충제 제조업","비료(요소,복합비료),공업제품원료 제조,도매"
457,넥센타이어,002350,고무제품 제조업,"타이어,후랩,고무제타이어(승용자동차용,래디알구조) 제조"
458,녹십자홀딩스,005250,회사 본부 및 경영 컨설팅 서비스업,"알부민,유로키나제,간염백신,유행성출혈열백신 제조"
459,농심홀딩스,072710,기타 금융업,"지주회사,투자자문,경영컨설팅 서비스"
460,다스코,058730,"구조용 금속제품, 탱크 및 증기발생기 제조업","데크플레이트,도로안전시설물(가드레일,강재방호책),건축용단열재보드(경질우레탄보드),신재생에너지사업"
461,대웅제약,069620,의약품 제조업,"양약,의료기기 제조/화장품,의약부의품 도소매/부동산 임대"
462,대한유화,006650,기초 화학물질 제조업,"폴리프로필렌,고밀도폴리에틸렌,나프타분해유분,올레핀류,혼합C4류,분해가솔린 제조"
463,더블유게임즈,192080,소프트웨어 개발 및 공급업,온라인 게임
464,더존비즈온,012510,"컴퓨터 프로그래밍, 시스템 통합 및 관리업",응용 소프트웨어 개발 및 공급업
465,덕성,004830,플라스틱제품 제조업,"플라스틱레쟈,합성수지,합성피혁 제조,도매"
466,도화엔지니어링,002150,"건축기술, 엔지니어링 및 관련 기술 서비스업","토목설계,건축설계,종합감리전문업,종합기술용역,엔지니어링"
467,동서,026960,음·식료품 및 담배 도매업,"식품 유통, 다류 및 연포장재 제조 등"
468,동양생명,082640,보험업,생명보험
469,동양피스톤,092780,자동차용 엔진 및 자동차 제조업,자동차엔진용 피스톤
470,동원산업,006040,어로 어업,"원양어업,수산물가공(참치캔,맛김,어묵,맛살),도소매/음료사업(상쾌한아침)"
471,두산퓨얼셀,336260,"전동기, 발전기 및 전기 변환 · 공급 · 제어 장치 제조업",연료전지
472,디와이파워,210540,특수 목적용 기계 제조업,유공압기기 등
473,디피씨,026890,"전동기, 발전기 및 전기 변환 · 공급 · 제어 장치 제조업","전자레인지용 고압변성기,리엑터,디지탈위성방송수신기 제조"
474,롯데정밀화학,004000,기초 화학물질 제조업,"염소·셀룰로스계열, 암모니아 계열, 전자재료 등 화학제품 제조"
475,롯데정보통신,286940,"컴퓨터 프로그래밍, 시스템 통합 및 관리업","SM, SI"
476,맥쿼리인프라,088980,신탁업 및 집합투자업,증권투자회사
477,맵스리얼티1,094800,신탁업 및 집합투자업,
478,메타랩스,090370,봉제의복 제조업,"여성용 의류(캐쥬얼티셔츠,바지) 제조"
479,명문제약,017180,의약품 제조업,"의약품(ROBAXIN 주사,KIMITE패취) 제조,판매"
480,모토닉,009680,자동차 신품 부품 제조업,"자동차용 기화기(캬브레타,다이캐스트,연료펌프) 제조,판매"
481,미원화학,134380,기타 화학제품 제조업,"계면활성제, 황산및분황"
482,범양건영,002410,건물 건설업,"토목공사,주택건설,건축공사,난방공사,전기공사,포장공사"
483,베트남개발1,096300,신탁업 및 집합투자업,투자신탁
484,빙그레,005180,낙농제품 및 식용빙과류 제조업,"아이스크림,우유,스낵,유산균(욥닥터캡슐) 제조"
485,삼성에스디에스,018260,"컴퓨터 프로그래밍, 시스템 통합 및 관리업","IT서비스, 물류BPO"
486,삼성중공업,010140,선박 및 보트 건조업,"선박(벌크선,원유운반선),철구조물,에너지플랜트 생산,판매/토목건축업"
487,삼성증권,016360,금융 지원 서비스업,"유가증권의 매매,위탁매매,인수주선"
488,삼성카드,029780,기타 금융업,"신용카드업,상품신용판매,현금서비스,카드론,리스,기업대출,여행업무,통신판매"
489,삼양통상,002170,"가죽, 가방 및 유사제품 제조업","피혁원단,혁제운동화,혁제장갑,혁제스포츠용품 제조,상품중개,무역"
490,삼영무역,002810,기타 전문 도매업,"화공약품, 안경렌즈"
491,삼원강재,023000,자동차 신품 부품 제조업,"열간압연제품(평강,봉강,특수이형강,환강,자동차용 겹판스프링) 제조,판매"
492,삼정펄프,009770,"펄프, 종이 및 판지 제조업","지류화장지,안면용,위생용 티슈 제조,판매"
493,샘표식품,248170,기타 식품 제조업,간장
494,서연이화,200880,자동차 신품 부품 제조업,자동차 도어 트림 및 시트
495,성보화학,003080,"비료, 농약 및 살균, 살충제 제조업","완제농약(해비치과립,카스텔란),원제농약(슈퍼유나니,다이아톤) 제조,도매"
496,세아제강,306200,1차 철강 제조업,강관
497,세종공업,033530,자동차 신품 부품 제조업,"자동차부품,자동차소음기(머플러),배기가스정화기,배기계통부품 제조"
498,세진중공업,075580,선박 및 보트 건조업,"선박 Deck House, LPG Tank, Upper Deck Unit, 해양플랜트 Living Quarter"
499,센트랄모텍,308170,자동차 신품 부품 제조업,"이너레이스, 오디 클러치보스, 로터샤프트, 슬리브기어, 컨트롤 암, 엑슬"
500,송원산업,004430,기타 화학제품 제조업,"폴리머첨가제(PVC안정제,산화방지제),폴리우레탄수지,프라스틱첨가제 제조"
501,신성이엔지,011930,반도체 제조업,"태양전지, 태양광모듈 제조 및 판매, 태양광 발전설치공사, 클린룸, 자동화장비"
502,신세계인터내셔날,031430,"섬유, 의복, 신발 및 가죽제품 소매업","섬유, 의복, 신발 및 가죽제품 소매"
503,신세계푸드,031440,음식점업,"단체급식, 식자재유통, 외식"
504,신영증권,001720,금융 지원 서비스업,증권업
505,신화실업,001770,1차 철강 제조업,"석도강판,표면처리강판 제조,임가공,판매"
506,쌍방울,102280,봉제의복 제조업,
507,아세아시멘트,183190,"시멘트, 석회, 플라스터 및 그 제품 제조업","시멘트, 레미콘, 몰탈"
508,에넥스,011090,가구 제조업,"씽크상판,주방기기,목재케비넷,유해가스저감장치시설 제조,판매"
509,에어부산,298690,항공 여객 운송업,항공 여객 및 화물 운송
510,엔에이치엔,181710,소프트웨어 개발 및 공급업,한게임
511,유니온,000910,"시멘트, 석회, 플라스터 및 그 제품 제조업","백시멘트,타일시멘트,알루미나시멘트,용융알루미나,급결제,필터프레스,유니필터제조,도매"
512,유니온머티리얼,047400,"내화, 비내화 요업제품 제조업","페라이트,세라믹 제조,도매"
513,유엔젤,072130,"자료처리, 호스팅, 포털 및 기타 인터넷 정보매개 서비스업","소프트웨어(무선인터넷 솔루션,ASP통신사업자용 지능망솔루션 및 단문메세지센터) 개발,공급"
514,유진증권,001200,금융 지원 서비스업,"유가증권 매매,중개,인수"
515,유화증권,003460,금융 지원 서비스업,증권업
516,이스타코,015020,부동산 임대 및 공급업,부동산 분양/입시학원 운영
517,일성건설,013360,토목 건설업,"건축공사,토목공사,전기공사"
518,일성신약,003120,의약품 제조업,"의약품(항생제,화학료법제,항바이러스,근이완제,영양액륜) 제조,판매"
519,조선선재,120030,기타 금속 가공제품 제조업,용접재료
520,종근당바이오,063160,의약품 제조업,"의약품,원료의약품 제조"
521,지투알,035000,회사 본부 및 경영 컨설팅 서비스업,지주회사
522,진양산업,003780,플라스틱제품 제조업,"합성수지,폴리우레탄스폰지 제조,도매,수출입"
523,진양화학,051630,플라스틱제품 제조업,"레쟈,바닥재 제조"
524,청호컴넷,012600,일반 목적용 기계 제조업,"금융단말기(현금자동입출금기,온라인단말기),통신기기 제조,판매"
525,케이탑리츠,145270,부동산 임대 및 공급업,부동산 임대
526,코오롱플라스틱,138490,합성고무 및 플라스틱 물질 제조업,엔지니어링플라스틱
527,키다리스튜디오,020120,"자료처리, 호스팅, 포털 및 기타 인터넷 정보매개 서비스업","만화, 소설 등 콘텐츠 제작 및 유통, 판매, 컴퓨터 프로그래밍, 시스템 통합 및 관리업"
528,태평양물산,007980,봉제의복 제조업,"봉제의류(자켓,파카,코트),침구 제조,우모가공,생활용품 도소매,무역"
529,테이팩스,055490,플라스틱제품 제조업,"OCA, 2차전지용 테이프, 산업용 랩 등"
530,텔코웨어,078000,"자료처리, 호스팅, 포털 및 기타 인터넷 정보매개 서비스업","소프트웨어(핵심망솔루션,무선데이터솔루션,요소기술) 개발,유지보수,무역"
531,티웨이홀딩스,004870,반도체 제조업,"레미콘,콘크리트파일,완구 제조/미니어쳐테마파크 운영"
532,팜스코,036580,"곡물가공품, 전분 및 전분제품 제조업","배합사료 제조,도매"
533,퍼시스,016800,가구 제조업,"사무용 가구,의자,책상,캐비넷 제조"
534,풍산홀딩스,005810,기타 금융업,"동판제,대,관,봉,선,소전,동파이프 제조,도매,무역"
535,하나니켈1호,099340,신탁업 및 집합투자업,투자신탁
536,하이스틸,071090,1차 철강 제조업,"강관 제조,도매"
537,한국석유공업,004090,기타 비금속 광물제품 제조업,"석유류제품(솔벤트,부로운아스팔트,방수시트몰터프라스,메타놀,빙초산) 제조,도소매/부동산 임대"
538,한국수출포장공업,002200,"골판지, 종이 상자 및 종이용기 제조업","골판지상자,골판지원지 제조,판매"
539,한국자산신탁,123890,신탁업 및 집합투자업,"부동산 신탁 서비스, REITs"
540,한국주강,025890,특수 목적용 기계 제조업,"주강,주물 제조,도매"
541,한국콜마홀딩스,024720,기타 금융업,"화장품,의약부외품의 주문자표시 제조,도매"
542,한미반도체,042700,특수 목적용 기계 제조업,"반도체 후공정장비,반도체금형 제조/부동산 매매,임대"
543,한샘,009240,생활용품 도매업,"주방가구(씽크대),인테리어가구 판매,제조/주택신축판매"
544,한솔홀딩스,004150,기타 금융업,"지주회사,경영자문컨설팅"
545,한신기계공업,011700,일반 목적용 기계 제조업,"공기압축기,공구류 제조,판매/오파"
546,한일현대시멘트,006390,"시멘트, 석회, 플라스터 및 그 제품 제조업","시멘트,시멘트반제품 제조,판매/콘도미니엄,스키장,종합레저관광산업,체육진흥사업,사업서비스"
547,한화에어로스페이스,012450,"항공기,우주선 및 부품 제조업","항공기엔진,특수방산장비 제조/정비사업"
548,현대그린푸드,005440,종합 소매업,"백화점,여행알선,숙박,음식점/부동산 임대"
549,현대자동차,005380,자동차용 엔진 및 자동차 제조업,"자동차(승용차,버스,트럭,특장차),자동차부품,자동차전착도료 제조,차량정비사업"
550,효성 ITX,094280,기타 사업지원 서비스업,"컨택센터서비스, Cloud솔루션, CDN, 프로젝터판매"
551,GPS,014040,,
552,KTF,032390,전기 통신업,"무선전신전화업(PCS서비스),이동통신업/데이타,부가가치서비스 제공/개인휴대통신장비 도매,임대"
553,LG정보통신,011650,,
554,NH농협증권,016420,금융 지원 서비스업,"증권매매업,금융,보험관련서비스업"
555,강원은행,006590,,
556,거성산업,008100,,
557,경기은행,006320,,
558,극동필트론,028910,,
559,금성유업,028840,,
560,금하방직,007790,,
561,나우정밀,015340,,
562,남선전기,028730,,
563,대창건설,029090,,
564,동북아27호,089170,,운송장비 임대
565,동북아30호,089200,,운송장비 임대
566,동성판유리,028850,,
567,동신제지,016430,,
568,동양건설,005900,토목 건설업,"건축공사,토목공사,주택건설/운수창고업,부동산 임대,고속버스 운송"
569,동양밸류스팩,122290,금융 지원 서비스업,금융지원서비스
570,두산기계,005040,,
571,두산음료,004600,,
572,맥쿼리센트럴,076850,부동산 임대 및 공급업,"부동산 임대,공급"
573,모토조이,008120,,"스피커,음향기기부품 제조,도매/컴퓨터 도매,수출/부동산 임대"
574,미래에셋증권,037620,금융 지원 서비스업,자산관리형 증권업
575,사조해표,079660,기타 식품 제조업,"식용유 제조/농수산물,식용유 도매,무역/부동산 임대"
576,삼성반도체통신,028420,,
577,삼화,028440,,
578,서통화학,029050,,
579,석락산업,029070,,
580,센추리,006750,,"냉동기,공기조절기,압축기 제조"
581,셰프라인,012250,,"주방용품(냄비,압력밥솥,2종양식기,기물류) 제조,도매"
582,수도극장,028720,,
583,신강제지,019380,,
584,신한인터내쇼날,012300,,
585,신한전자,008650,,
586,쌍용제지,005100,,"지류,크라프트지,화장지,생리대,종이기저귀 제조,도매"
587,아시아2호,081190,,선박임대
588,엔케이텔레콤,003290,,
589,영태전자공업,028530,,
590,오리온전기,004390,,"칼라브라운관,컴퓨터용 모니터,PDP,전자총,전자총부품 제조,도매"
591,우리은행,000030,은행 및 저축기관,"은행법에 의한 은행업무, 자본시장과 금융투자업에 관한 법률에 의한 신탁업무 및 외국환업무"
592,우아미,015550,,창고 임대
593,유니온스틸,003640,1차 철강 제조업,"표면처리강판,냉연강판,용융아연도금강판,컬러강판,갈바륨강판,전기아연도금강판 제조"
594,이트로닉스,013090,,"카오디오,CDP,턴테이블,영상,통신장비,자동판매기 제조/도매"
595,장은증권,001170,,
596,제일스레트공업,028830,,
597,천지산업,001490,,"정밀주조,스웨터,가방 제조,도매/섬유 수출입/부동산 임대"
598,케이와이씨,009400,,
599,케이피케미칼,064420,기초 화학물질 제조업,"석유화학원료 제조,도소매"
600,코리아02호,090980,,운수장비 임대
601,코오롱아이넷,022520,상품 종합 도매업,"철강, 화학제품 등의 수출입"
602,코오롱포리에스타,029020,,
603,태영판지공업,011940,,
604,퍼시픽글라스,009080,,"포장용유리용기,초자,합성수지,플라스틱용기,알루미늄캡,금형 제조,도매"
605,포스닉,008480,,"스피커시스템,오디오랙,건구재 제조,도매,수출입"
606,풀무원식품,103160,음·식료품 및 담배 도매업,
607,한강기금,036060,재 보험업,뮤추얼펀드
608,한국기술산업,008320,절연선 및 케이블 제조업,"전력,통신전선 제조/컴퓨터 및 주변기기,석유화학 제품,제조/소프트웨어 개발 및 공급 서비스"
609,한국벨트,000840,,
610,한국증권금융,028820,,"증권기관에 대한 여신,증권금융,우리사주관리"
611,한국프라스틱공업,028430,,
612,한국합섬,025830,,"화학섬유,폴리에스터원사 제조,수출입,알선"
613,한독맥주,028880,,
614,한별텔레콤,016550,,
615,한보철강공업,001920,,"철근,봉강,형강 제조,도소매"
616,한외종금,014150,,
617,현대금속,018410,기계장비 및 관련 물품 도매업,"도어록,피복철근,파형강관 도매,제조,수출/주택건설,토공사,상하수도공사"
618,호남비료,028790,,
619,DB하이텍,000990,반도체 제조업,반도체 제조
620,E1,017940,기타 전문 도매업,"LPG(프로판,부탄가스),가스기기판매"
621,HDC,012630,기타 금융업,"토목공사,건축공사,아파트분양사업,재개발/재건축사업"
622,JW중외제약,001060,의약품 제조업,"수액제,소화기궤양치료제,항생제,항암제 제조,도매"
623,JW홀딩스,096760,기타 금융업,의약품 수출입업
624,KC코트렐,119650,일반 목적용 기계 제조업,전기집진기 등
625,KPX홀딩스,092230,기초 화학물질 제조업,지주회사
626,KR모터스,000040,그외 기타 운송장비 제조업,"이륜차(오토바이) 제조,도매"
627,KSS해운,044450,해상 운송업,"특수화물해상운송(케이컬,액화가스,냉동.냉장화물),선박대여"
628,LF,093050,봉제의복 제조업,"기성복, 의류, 잡화, 제조"
629,LG하우시스,108670,플라스틱제품 제조업,"창호재, 자동차부품 등"
630,LG화학,051910,기초 화학물질 제조업,"유화/기능/합성수지,재생섬유소,산업재,리튬이온전지,평광판,PVC 제조,도매"
631,LIG넥스원,079550,무기 및 총포탄 제조업,정밀유도무기 등
632,LS,006260,기타 금융업,"전력용전선,일반전선,통신케이블,동선,알루미늄선,공조기,프라스틱사출성형기 제조,도매"
633,NAVER,035420,"자료처리, 호스팅, 포털 및 기타 인터넷 정보매개 서비스업",포털 서비스 및 온라인 광고
634,NH투자증권,005940,금융 지원 서비스업,"증권업,종합금융"
635,SH에너지화학,002360,기초 화학물질 제조업,"합성수지(PS/EPS,ABS수지) 제조"
636,SK하이닉스,000660,반도체 제조업,"반도체,컴퓨터,통신기기 제조,도매"
637,경동도시가스,267290,연료용 가스 제조 및 배관공급업,도시가스
638,경인양행,012610,기초 화학물질 제조업,"반응성염료,직접염료,산성염료,삼원색원료 제조,수출입"
639,경인전자,009140,전자부품 제조업,"스위치,리모콘,배선기구,섬머스타트,게임기,전자부품 제조,판매"
640,기신정기,092440,특수 목적용 기계 제조업,"몰드베이스,금형부품,정밀기계기구 제조,도매,무역"
641,남영비비안,002070,봉제의복 제조업,"여성내의류(스타킹,화운데이숀,란제리),카바링사 제조,수출입/부동산 매매,임대"
642,노루홀딩스,000320,기타 금융업,지주사업
643,녹십자,006280,의약품 제조업,"알부민외 제조,판매"
644,대교,019680,초등 교육기관,"학습지,참고서 출판/건설업/종합유선방송 프로그램공급,디지털학원"
645,대동전자,008110,통신 및 방송 장비 제조업,"통신음향,전자기계기구용 플라스틱제품 제조,도매"
646,대양금속,009190,1차 철강 제조업,스테인레스 냉연강판 제조
647,동국제강,001230,1차 철강 제조업,"후판,철근,강판,형강,앵글,찬넬,평철 제조,판매"
648,동화약품,000020,의약품 제조업,"의약품 제조,판매,수출입"
649,두산솔루스,336370,전자부품 제조업,"동박, 유압기기 등"
650,디아이동일,001530,상품 중개업,"면사,화섬사,면포,혼방포,스포츠웨어용 신합섬 제조,도매,수출"
651,디아이씨,092200,자동차 신품 부품 제조업,"자동차부품(트란스밋숀,프런트액슬,기어,전동축),변속동력전달장치,특수공구,농기계 및 산업기계부품 제조,무역"
652,롯데관광개발,032350,여행사 및 기타 여행보조 서비스업,"국내외여행알선,관광개발,전세운수,항공권매매대행"
653,롯데케미칼,011170,기초 화학물질 제조업,"폴리프로필렌,고밀도폴리에틸렌,에틸렌글리콜,벤젠,에틸렌옥사이드,합성지,부산물 제조"
654,롯데하이마트,071840,가전제품 및 정보통신장비 소매업,"가전제품,잡화 도소매/부동산 임대"
655,무학,033920,알코올음료 제조업,소주
656,미래아이앤지,007120,"컴퓨터 프로그래밍, 시스템 통합 및 관리업","CCTV, DVR제조, 금융솔루션, 방산제품"
657,바다로19호,155900,운송장비 임대업,
658,부산주공,005030,자동차 신품 부품 제조업,"자동차부품(엔진부품,조향장치부품,브레이장치부품,오토미셧부품) 제조,도매/부동산 임대"
659,비티원,101140,생활용품 도매업,"신발,의류,스포츠용품 도매,제조"
660,사조씨푸드,014710,수산물 가공 및 저장 처리업,횟감용 참치 및 기타 일반수산물
661,삼성물산,028260,기타 전문 도매업,"도소매, 건설, 남자용 정장 제조업 등"
662,삼성전자,005930,통신 및 방송 장비 제조업,"IMT2000 서비스용 동기식 기지국,교환국장비,데이터단말기,동영상휴대폰,핵심칩,반도체제품,사무,계산 및 회계용기계"
663,삼성제약,001360,의약품 제조업,"의약품(까스명수,쓸기담,에프킬라에어졸,액체우황청심원) 제조,도매"
664,삼일제약,000520,의약품 제조업,"양약(부루펜,액티피드,포리부틴) 제조,도매"
665,삼진제약,005500,의약품 제조업,"의약품(게보린,세트라졸,염산나록손) 제조,판매,수출입,약초재배"
666,삼화왕관,004450,기타 금속 가공제품 제조업,"납세용 일반병마개,알루미늄캡,플라스틱캡 제조,판매,금속인쇄,수출"
667,서연,007860,기타 금융업,"자동차부품(승용차내장품-도어트림,헤드라이닝,승용차시트) 제조,도매"
668,선도전기,007610,"전동기, 발전기 및 전기 변환 · 공급 · 제어 장치 제조업","수배전반,중전기기 제조,도매/전기공사"
669,선창산업,002820,나무제품 제조업,"합판,가정용가구(선우드),MDF,제재목,하드보드 제조/부동산 임대"
670,성신양회,004980,"시멘트, 석회, 플라스터 및 그 제품 제조업","시멘트,레미콘 제조"
671,세기상사,002420,"영화, 비디오물, 방송프로그램 제작 및 배급업","극장(영화상영)/극영화,만화영화 제조/음식료품,일용잡화 소매/부동산 임대"
672,세아특수강,019440,1차 철강 제조업,"냉간압조용선재,마봉강,스테인레스봉강 제조"
673,세우글로벌,013000,기타 전문 도매업,"화공약품.엔지니어링 플라스틱,페놀계제품,석유화학제품 판매/철재가구,사무목재가구 제조/교육사업"
674,세원정공,021820,자동차 신품 부품 제조업,"자동차부품(차체류,램프류) 제조"
675,셀트리온,068270,기초 의약물질 및 생물학적 제제 제조업,"램시마, 트룩시마, 허쥬마"
676,신세계,004170,종합 소매업,"백화점,할인점(E마트)"
677,써니전자,004770,반도체 제조업,"수정진동자,수정발진기,초음파지연선,MCF,축수나사 제조,도매,수출입"
678,쎌마테라퓨틱스,015540,기타 사업지원 서비스업,상품권유통
679,아모레퍼시픽,090430,기타 화학제품 제조업,"화장품,생활용품 제조, 판매"
680,아세아,002030,회사 본부 및 경영 컨설팅 서비스업,"회사본부,지주회사 및 경영컨설팅 서비스업"
681,아이에스동서,010780,"내화, 비내화 요업제품 제조업","타일,위생도기,콘크리트파일,P.C관,침목 제조,도매"
682,애경산업,018250,기타 화학제품 제조업,"Age 20's,루나, 트리오, 2080치약, 순샘, 제트 등"
683,에이리츠,140910,부동산 임대 및 공급업,
684,엔케이,085310,"구조용 금속제품, 탱크 및 증기발생기 제조업","고압가스용기,선박용,육상용 소화설비장치,천연가스이동식충전소 제조,도매"
685,엔케이물산,009810,기타 전문 도매업,유연성 산업용 포장재(FIBC) 제조 판매
686,엔피씨,004250,플라스틱제품 제조업,"산업용기프라스틱제품(플라스틱 파렛트,시트 파렛트) 제조,판매"
687,영원무역홀딩스,009970,기타 금융업,"스포츠의류(등산복,운동복,스키복) 도소매,수출,섬유봉제"
688,우신시스템,017370,특수 목적용 기계 제조업,"자동차차체자동화용접조립라인,용접설비,자동용접장비 제조,판매"
689,우진,105840,"측정, 시험, 항해, 제어 및 기타 정밀기기 제조업; 광학기기 제외",원전용계측기
690,우진플라임,049800,특수 목적용 기계 제조업,"플라스틱사출성형기 제조,판매"
691,웅진에너지,103130,반도체 제조업,"태양전지원료(잉곳),태양전지용웨이퍼 제조/전기공사/신재생에너지 사업"
692,유니드,014830,기초 화학물질 제조업,"탄산칼륨,가성칼륨,가성카리,탄산카리(무기화합물),MDF(가공목재) 제조,도매"
693,유안타증권,003470,금융 지원 서비스업,"유가증권 매매,중개,대리,인수"
694,유양디앤유,011690,반도체 제조업,"혼성직접회로,통신기기 제조/화공약품,케이블 도매"
695,이건산업,008250,나무제품 제조업,"컨테이너용합판,목재 파렛트,프레스우드 파렛트,가공목재,제재목 제조/부동산 임대"
696,이연제약,102460,의약품 제조업,"항생제,순환기제"
697,인스코비,006490,전기 통신업,"시계,스마트그리드,도소매,소프트웨어개발"
698,제이에스코퍼레이션,194370,"가죽, 가방 및 유사제품 제조업",핸드백 및 지갑
699,조선내화,000480,"내화, 비내화 요업제품 제조업","내화연와(정형,부정형,S/N,CCN),단열벽돌,스라이딩노즐,연주용 특수내화물 제조"
700,지누스,013890,가구 제조업,매트리스 및 가구제품
701,참엔지니어링,009310,특수 목적용 기계 제조업,FPD Laser Repair 장비 등 (FPD 장비의 개발과 제조 및 판매)
702,케이씨씨,002380,기타 화학제품 제조업,"건축용단열재,내외장재,스레트,밤라이트,암면,석고보드,판유리 제조"
703,케이씨씨글라스,344820,유리 및 유리제품 제조업,판유리 등
704,코리아오토글라스,152330,유리 및 유리제품 제조업,자동차 안전 유리
705,쿠쿠홈시스,284740,개인 및 가정용품 임대업,"정수기, 공기청정기 등"
706,티탑스,030790,"컴퓨터 프로그래밍, 시스템 통합 및 관리업","시스템통합소프트웨어 개발, 전자상거래"
707,페이퍼코리아,001020,"펄프, 종이 및 판지 제조업","제지(신문용지,중질지),합판 제조,건설,석유류 판매"
708,평화산업,090080,자동차 신품 부품 제조업,"자동차부품(방진고무,방류고무(COVER류,CUP류),호스류),장비시설용 부품 제조,판매"
709,포스코,005490,1차 철강 제조업,"열연코일,냉연강판,후판,선재,스테인리스 제조"
710,포스코강판,058430,1차 철강 제조업,"용융아연도금강판,용융알루미늄도금강판,칼라도장강판,냉연강판 가공,제조,도매"
711,하나니켈2호,099350,신탁업 및 집합투자업,투자신탁
712,하나제약,293480,의약품 제조업,완제의약품
713,한미글로벌,053690,"건축기술, 엔지니어링 및 관련 기술 서비스업","건축 설계,감리/건축공사,토목공사,설비공사,전기공사,안전공사"
714,한양증권,001750,금융 지원 서비스업,증권업
715,한진중공업,097230,토목 건설업,"선박건조,기계플랜트 제조/토목공사,건축공사,조경공사,전기공사,가스공사,준설공사,기계설비공사"
716,한진중공업홀딩스,003480,연료용 가스 제조 및 배관공급업,지주회사
717,한화,000880,기타 화학제품 제조업,"화약,화공품,자동선반류,공작기계 제조,전자교환기,건설,정보통신,종합무역/임직원 및 개인대상 교육,세미나 및 워크샵 중계,동영상광고"
718,한화솔루션,009830,기초 화학물질 제조업,"합성수지,유화부문(LDPE,LLDPE)제품 제조,플라스틱가공품(PVC),CA,무기화학제품,부동산업"
719,현대에너지솔루션,322000,반도체 제조업,"태양광 셀·모듈, PV시스템, ESS"
720,현대일렉트릭,267260,"전동기, 발전기 및 전기 변환 · 공급 · 제어 장치 제조업","변압기, 고압차단기, 회전기, 배전반 등"
721,현대제철,004020,1차 철강 제조업,"H형강,제철,제강,철근,압연,스테인레스,주강,시트파일 제조,수출입,중기부품(탱크바퀴)제조,판매"
722,황금에스티,032560,1차 비철금속 제조업,"스테인레스 냉연, 열연"
723,휠라홀딩스,081660,생활용품 도매업,"스포츠의류,신발,가방,시계,골프장비,화장품,가죽제품(지갑,키홀더) 도매,수출입"
724,GBS,076170,"영화, 비디오물, 방송프로그램 제작 및 배급업","영화 제작배급/영화상영관,멀티플렉스 운영,부대사업/종합유선방송,중계유선방송,방송채널 사용"
725,KB손해보험,002550,보험업,손해보험
726,KB증권,003450,금융 지원 서비스업,"수입수수료,금융수익,증권매매익"
727,KNC,018590,,"초고속인터넷네트워크장비,무선중계기장비 제조,소프트웨어 개발"
728,LGEI,002610,,
729,LG파워콤,045820,전기 통신업,"유선통신설비임대, 초고속인터넷서비스"
730,SBI모기지,950100,기타 금융업,고정금리 주택담보 대출
731,SEI에셋,034770,재 보험업,
732,강원산업,000900,,
733,거북선7호,134000,,
734,건설산업,029000,,
735,경남기업,000800,건물 건설업,"아파트건설,도급건설"
736,경남은행,006610,보험업,금융업(예금 및 대출)
737,경향건설,002050,,"토목공사(도로,터널,지하철,항만),건축공사(업무용,상업용 공공건물),폐기물,상하수도 처리시설건설,주택건설"
738,고려석유화학,021170,,
739,고려시멘트,003660,"시멘트, 석회, 플라스터 및 그 제품 제조업","슬래그시멘트,포틀랜트시멘트 제조"
740,광주고속,028800,,
741,금경,015980,,
742,금성전기,029260,,
743,나이키스포츠,028630,,"스포츠 신발,의류,스포츠용품 도매"
744,대우통신,005060,,부동산 임대
745,대진해운,028920,,
746,동방화공,004290,,
747,동북아15호,084240,,운수장비 임대
748,동북아29호,089190,,운송장비 임대
749,동북아5호,080980,,운수장비 임대
750,동성,002470,,"아파트건설,사무,상업용 건물건설,건축공사,토목공사,소방공사,전기공사/부동산 임대"
751,동신제약,006600,,"의약품(알부민,인플루엔자백신,뇌염백신),의약품부외품 제조,도매"
752,동아정기,012760,,"자동차용 차축,농기계용 기아펌프류 제조"
753,맥슨텔레콤,009890,,"GSM휴대폰,무선전화기,무전기 제조"
754,메리츠종금,012420,기타 금융업,"종합금융,리스(시설대여업),단기금융,증권,투자신탁"
755,미원,002440,,
756,백산전자,028600,,
757,보고산업,029130,,
758,봉신,005350,해상 운송업,"외항화물운송/주물기계,프레스기,제지기계,감속기 제조,수출,판매"
759,삼미광업개발,029190,,
760,삼성건설,002010,,
761,삼성디지털이미징,108070,사진장비 및 광학기기 제조업,디지털카메라
762,삼익건설,002180,,"아파트건설,비주거용건물건설,국내,외 건설공사/부동산 공급"
763,삼환기업,000360,토목 건설업,"종합건설업,아파트분양사업,해외건설업,해외 유전개발사업 및 가스개발사업"
764,서광건설산업,001600,토목 건설업,"주택건설,토목공사/무역/펌프,압축기 제조"
765,성원건설,012090,토목 건설업,"토목건축공사,철강재설치,전기공사,도로포장/아파트분양"
766,성화,004610,,
767,세신,004230,생활용품 도매업,"스텐레스식기류 도매,제조,수출입"
768,솔로몬저축은행,007800,은행 및 저축기관,상호신용금고
769,신성에프에이,104120,특수 목적용 기계 제조업,팹공정자동화장비
770,신진자동차판매,028870,,
771,신한증권,003320,,
772,쌍용종금,014490,,
773,아세아페이퍼텍,009380,"펄프, 종이 및 판지 제조업","표면지용 크라프트지,라이너지,골판지원지(라이너지,크라프트라이너보드(KLB)지) 제조,판매"
774,아시아8호,081930,,운송장비(선박) 임대
775,알보젠코리아,002250,의약품 제조업,의약품(카리메트)
776,영진테크,012470,,
777,영창악기제조,001890,상품 중개업,"피아노,디지탈피아노 제조"
778,외환신용카드,038400,재 보험업,"신용카드발행,이용,대금결제,금융업,기타여신금융업,보험대리,여행알선,부동산 임대"
779,우창건설,029240,,
780,율산실업,029980,,
781,이코리아리츠,138440,부동산 임대 및 공급업,
782,인성기연,028620,,
783,인켈,006510,,
784,인터피온반도체,014010,,"아날로그,믹스드(Mixed)반도체 제조,판매"
785,일진,010510,,"통신선(동복강선,광케이블,옥외전화선),통신장치,알루미늄샷시 제조,도매,수출 위성방송"
786,일화모직공업,001590,,"방적(소모혼방직물,소모사,방모사),직조,염색 가공,도매,무역"
787,진흥저축은행,007200,은행 및 저축기관,"정기부금예수금,신용부금,부금대출,할인어음"
788,케드콤,011050,통신 및 방송 장비 제조업,"전화기(GSM Phone), 산업용 앰프,아날로그위성방송수신기,디지털위성방송수신기,전동타자기,컴퓨터용케이블,커넥터,셋톱박스,MP3 제조,수출"
789,코리아07호,099210,,선박 임대
790,코원에너지서비스,026870,연료용 가스 제조 및 배관공급업,"도시가스 판매,공급/공급설비공사"
791,코크렙8호,090540,부동산 임대 및 공급업,"비주거용 임대,개발"
792,트윈스비전일,034840,재 보험업,
793,파브코,101990,자동차 신품 부품 제조업,
794,풍림산업,001310,건물 건설업,"토목공사,건축공사,플랜트공사,석공사/아파트분양,콘도미니엄분양/천연화강석 제조"
795,플러스1호,034990,재 보험업,
796,하나은행,004940,은행 및 저축기관,"금융업(은행업무,외국환업무,신탁업무)"
797,한국유리공업,002000,유리 및 유리제품 제조업,"판유리,플로트유리,무늬유리,마블라이트 제조,도매"
798,한국전기초자,009720,유리 및 유리제품 제조업,"유리밸브(TV브라운관용,PC모니터용) 제조,판매,수출"
799,한국종금,011260,재 보험업,
800,한라시멘트,012910,,
801,훈영,017170,"영화, 비디오물, 방송프로그램 제작 및 배급업","영화 제작,배급"
802,휴리프,006210,영상 및 음향기기 제조업,"디지털가전기기(LCD-TV,Monitor 등) 제조"
803,CJ씨푸드,011150,기타 식품 제조업,"수산물(어묵,맛살)가공품 도매,원양수산업,수출입"
804,DB금융투자,016610,금융 지원 서비스업,"유가증권,위탁매매,인수,자기매매"
805,DGB금융지주,139130,기타 금융업,지주회사
806,HDC현대EP,089470,기타 화학제품 제조업,"합성수지(PP컴파운딩가공,자동차범퍼,내장제) 제조,도소매"
807,KEC,092220,반도체 제조업,반도체 제조
808,KISCO홀딩스,001940,1차 철강 제조업,지주사업
809,LG,003550,기타 금융업,지주회사
810,LG디스플레이,034220,전자부품 제조업,액정표시장치(TFT-LCD) 제조
811,LS전선아시아,229640,기타 금융업,
812,NH프라임리츠,338100,부동산 임대 및 공급업,부동산 투자
813,NICE,034310,회사 본부 및 경영 컨설팅 서비스업,"기업신용분석,유가증권등급평정,기업정보,긍융정보,경제정보,소비자신용정보 제공,시장조사,사회여론조사,점외 CD/ATM사업"
814,S&TC,100840,일반 목적용 기계 제조업,"공냉식 열교환장치,폐열회수장치 제조"
815,S&T중공업,003570,자동차 신품 부품 제조업,"자동차부품(동력전달장치 등),공작기계(CNC선반 등),사출성형기 제조"
816,S&T홀딩스,036530,기타 금융업,"지배,경영지도,정리,육성"
817,S-Oil,010950,석유 정제품 제조업,"석유제품,가스,윤활기유,윤활유,그리스,석유화학제품 제조,도매"
818,계룡건설산업,013580,토목 건설업,"건축공사,주택공사,토목공사,포장공사,전기공사"
819,고려제강,002240,1차 철강 제조업,"PC강선,선재 2차제품,와이어로프,비드와이어,SC(Surpass Coat) Stand,각종선재 제조,도매"
820,금강공업,014280,1차 철강 제조업,"건설가설재,강관,거푸집 제조,판매"
821,대상,001680,기타 식품 제조업,"전분,라이신,물엿,과당,포도당,MSG및 사료,조미료,항생제,핵산,커피 제조,도매/토목공사,건축공사"
822,대성홀딩스,016710,회사 본부 및 경영 컨설팅 서비스업,"도시가스,일반가스 공급/가스기기,차량용 연료 판매/해외자원개발,부동산 임대"
823,대우조선해양,042660,선박 및 보트 건조업,선박 제조
824,대한제강,084010,1차 철강 제조업,"제강,철재,철근,환봉,마환봉,빌레트 제조"
825,덴티움,145720,의료용 기기 제조업,치과용 기기 제조업
826,동원F&B,049770,기타 식품 제조업,"참치캔,음료,냉동식품 제조,판매"
827,동일고무벨트,163560,고무제품 제조업,"산업용고무제품, 종합고무부품"
828,두산밥캣,241560,일반 목적용 기계 제조업,"Compact Equipment, Heavy Equipment, Portable Power"
829,두산중공업,034020,일반 목적용 기계 제조업,"기관,터어빈,선박용엔진,주단조품,제강제품 제조/종합건설"
830,두올,016740,자동차 신품 부품 제조업,시트 커버 및 시트 원단
831,드림텍,192650,전자부품 제조업,"모바일 PBA, 지문인식 모듈, 전장 LED 모듈 등"
832,롯데제과,280360,기타 식품 제조업,"껌,캔디,초코,비스켓,빙과"
833,만호제강,001080,1차 철강 제조업,"와이어로프,합성섬유로프,특수강선 제조,수출,임대"
834,모나미,005360,생활용품 도매업,"BP153(BALL POINT PEN), P-3000(PLUS PEN), 유성매직, 보드마카, 네임펜, PARKER, WARTERMAN, 색연필"
835,미창석유공업,003650,석유 정제품 제조업,"윤활유,고무배합유,전기절연유 제조,판매,수출입"
836,백광산업,001340,기초 화학물질 제조업,"가성소다,합성염산 제조,판매"
837,벽산,007210,기타 비금속 광물제품 제조업,"단열재, 천장재, 외장재, 내장재, 외단열, 바닥재 등"
838,부광약품,003000,의약품 제조업,"의약품,치약,의약부외품(부광탁스,레가론,부광안티프라그) 제조"
839,부산도시가스,015350,연료용 가스 제조 및 배관공급업,"도시가스 배관공급,가스기기 판매,설비공사"
840,비상교육,100220,"서적, 잡지 및 기타 인쇄물 출판업","참고서 출판/소프트웨어 개발,공급"
841,사조산업,007160,어로 어업,"원양어업(참치,명태,오징어),육가공,참치통조림,장류 제조/냉동냉장 창고운영/부동산 임대/컴퓨터,소프트웨어 개발,도매/팝콘,구운김 도매"
842,삼성공조,006660,자동차 신품 부품 제조업,"자동차부품(라디에터,오일쿨러,인터쿨러) 제조,판매"
843,삼성생명,032830,보험업,"생명보험,부동산 임대"
844,삼성전기,009150,전자부품 제조업,"영상,음향,통신장비,모듈,다층인쇄회로기판,적층세라믹콘덴서,고주파필터,전압제어발진기,온도보상형수정발진기,칩인덕터,디지털위성방송수신기,광픽업,편향코일"
845,삼양패키징,272550,플라스틱제품 제조업,PET 용기 및 아셉틱 OEM
846,삼영화학공업,003720,플라스틱제품 제조업,"합성수지(BOPP,캐파시타),PPC,랩,종이상자(카톤팩) 제조"
847,삼익THK,004380,일반 목적용 기계 제조업,"직선운동시스템,메카트로시스템,기타정밀 자동화기기 제조,판매/전자상거래,인터넷 관련 s/w,h/w 개발,판매,유지보수"
848,삼화전기,009470,전자부품 제조업,"콘덴서 제조,판매"
849,새론오토모티브,075180,자동차 신품 부품 제조업,"자동차부품(브레이크패드,라이닝,허브,캠),분말야금제품,에어콘,냉장고용부품 제조,도매"
850,샘표,007540,기타 금융업,"간장,된장,고추장 제조,가공,판매,무역"
851,서흥,008490,기타 화학제품 제조업,"의약품(하드캅셀,건강보조식품,소프트캅셀),건강보조식품,인삼제품 제조,판매"
852,수산중공업,017550,특수 목적용 기계 제조업,"유압브레이커,트럭크레인,플라즈마 파암장비,특장차,산업기계,건설기계 제조,도매"
853,신세계I&C,035510,"컴퓨터 프로그래밍, 시스템 통합 및 관리업","IT시스템 개발, 운영 및 유지보수, IT 컨설팅, IT장비솔루션 총판, 아웃소싱, IDC, IT기기 및 휴대폰 유통, 전자상품권"
854,신세계건설,034300,건물 건설업,"토목,건축,건축관련기술서비스,빌딩관리용역,골프장,내장공사,시설개보수,설계용역"
855,신영와코루,005800,봉제의복 제조업,"여성용 내의류(화운데이션,란제리,블래지어),환자,노령자용 파자마,남성용 내의류 제조"
856,신원,009270,봉제의복 제조업,"여성,남성의류,스웨터,의복관련 악세사리,사카린,망초 제조,판매,수출입/섬유의류 도매/신용카드업/의류전문 물류대행 및 임대사업"
857,아모레퍼시픽그룹,002790,기타 화학제품 제조업,지주회사
858,에스제이엠,123700,자동차 신품 부품 제조업,자동차및산업용Bellows
859,에쓰씨엔지니어링,023960,토목 건설업,"기술용역(건축설계) 서비스/화학플랜트 설비,기계 제작(음식료,석유화학사업관련)/유공압기기 판매"
860,에이블씨엔씨,078520,기타 화학제품 제조업,"화장품 제조,도소매/소프트웨어 자문,개발,공급/전자상거래"
861,에이엔피,015260,전자부품 제조업,"전자부품(인쇄회로기판),무정전 전원공급장치 제조"
862,에이프로젠 KIC,007460,기타 금속 가공제품 제조업,"단열장치,철구조물,가열로,특수단열재(금속표면경화육성,원자로용) 제조/단열공사/부동산 임대"
863,오리온,271560,기타 식품 제조업,스낵 등 과자류
864,우리금융지주,316140,기타 금융업,금융지주
865,우성사료,006980,"곡물가공품, 전분 및 전분제품 제조업","배합사료,Suit-feed(맞춤 TMR(육성우,건유우,착유우) 사료),농후사료,곡류(강피류 등 부산물) 제조,판매/부동산 임대,무역"
866,우진아이엔에스,010400,건물설비 설치 공사업,반도체/디스플레이 코팅덕트
867,웰바이오텍,010600,상품 중개업,"피혁의류 도,소매,의류 판매,수입,피혁(GRAIN LEATHER) 제조"
868,이리츠코크렙,088260,부동산 임대 및 공급업,부동산투자회사
869,이월드,084680,유원지 및 기타 오락관련 서비스업,"놀이시설 운영,입장료,식음료 소매,부동산 임대"
870,인천도시가스,034590,연료용 가스 제조 및 배관공급업,도시가스 공급/가스설비공사
871,일동홀딩스,000230,기타 금융업,"의약품 제조,도매"
872,일진머티리얼즈,020150,전자부품 제조업,"인쇄회로기판(PCB)용 전해동박(ACF,UCF),에폭시용 동박,전해콘덴서용 알루미늄박 제조,판매"
873,일진전기,103590,절연선 및 케이블 제조업,
874,조광피혁,004700,"가죽, 가방 및 유사제품 제조업","가죽(피혁원단,제화용원단,카시트용원단),가방,신발 제조,도매"
875,조일알미늄,018470,1차 비철금속 제조업,"알루미늄판 제조,도매"
876,지엠비코리아,013870,자동차 신품 부품 제조업,"VS, TIB, CVJoint 등"
877,진흥기업,002780,토목 건설업,"아파트건설,토목공사,건축공사,국내도급공사"
878,카카오,035720,"자료처리, 호스팅, 포털 및 기타 인터넷 정보매개 서비스업",인터넷 서비스(인터넷 광고)
879,케이씨티시,009070,도로 화물 운송업,"화물자동차운송,항만하역,창고보관,컨테이너조작,중량물해상운송"
880,코스맥스비티아이,044820,기타 금융업,"화장품,의약부외품 제조,도매"
881,태림포장,011280,"골판지, 종이 상자 및 종이용기 제조업","골판지,골판지상자,수출용박스 제조,도매/인쇄"
882,태원물산,001420,자동차 신품 부품 제조업,"자동차부품,워터펌프,인산정제석고,건축자재(불연내장재), 제조,수출입"
883,티에이치엔,019180,기타 전기장비 제조업,"자동차부품(전기배선장치류) 제조,도매"
884,팬오션,028670,해상 운송업,"해상화물운송(외항,운수보관)"
885,평화홀딩스,010770,자동차 신품 부품 제조업,지주회사
886,폴루스바이오팜,007630,통신 및 방송 장비 제조업,"정밀전자계측기,이동통신장비,무선호출기,파형관측기,인공위성수신기 제조"
887,하나투어,039130,여행사 및 기타 여행보조 서비스업,"일반여행알선,컴퓨터프로그램 개발,보급,통신판매"
888,한국타이어앤테크놀로지,161390,고무제품 제조업,타이어 제조
889,한국프랜지공업,010100,자동차 신품 부품 제조업,"자동차부품(제동,구동장치),프랜지(관이음쇠),철구조물,산업기계 제조"
890,한국화장품제조,003350,기타 화학제품 제조업,"화장품(OEM,ODM)"
891,한독,002390,의약품 제조업,"의약품(소화제,크라포란,라식스)제조,도매,부동산 임대"
892,한세엠케이,069640,"섬유, 의복, 신발 및 가죽제품 소매업","케주얼웨어(BUCKAROO, TBJ 등)"
893,한세예스24홀딩스,016450,봉제의복 제조업,"의류(니트) 제조,도소매,원단 제조,부동산 임대"
894,한솔제지,213500,"펄프, 종이 및 판지 제조업","인쇄용지, 산업용지, 특수지 제조 및 판매"
895,한솔케미칼,014680,기초 화학물질 제조업,"과산화수소,라텍스,요소수지,수소액화탄산,차아황산소다 제조,판매,디지털카메라용 인화필름 제조,수출"
896,한솔테크닉스,004710,전자부품 제조업,"백라이트유닛,인버터,폴리바리콘,모니터,통신장비 제조"
897,한온시스템,018880,일반 목적용 기계 제조업,"자동차용부품(라디에이터,히터,에어콘,압축기,콘덴서,컴퓨레사) 제조,도매"
898,한전산업,130660,"건축기술, 엔지니어링 및 관련 기술 서비스업","발전설비 운전·정비, 전기검침"
899,한진,002320,도로 화물 운송업,"포장화물,택배산업,항만하역,고속버스사업,운수보관"
900,해성디에스,195870,전자부품 제조업,반도체 패키지용 Substrate
901,현대상선,011200,해상 운송업,"정기,부정기,전용선,콘테이너선,자동차선,LNG선 해운"
902,현대종합상사,011760,상품 종합 도매업,"자동차,철강,기계,선박,플랜트,컴퓨터,전자제품 수출,수출입대행/자원(탄광,유전) 개발"
903,현대해상,001450,보험업,손해보험(자동차보험)
904,혜인,003010,기계장비 및 관련 물품 도매업,"건설기계,산업용 기계장비(진공흡인차,세정차),스테거크레인,비상용발전기,해상용엔진 도소매/창고"
905,휴니드테크놀러지스,005870,통신 및 방송 장비 제조업,"무선통신기기,군납용무전기,위성방송수신기 제조"
906,휴비스,079980,화학섬유 제조업,"합성섬유(폴리에스테르원사,원면),재생섬유,폴리에스텔 원사,원면,고상칩 제조,도소매"
907,AP우주통신,015670,,"위성방송수신기 제조,도매"
908,BHK,003990,상품 종합 도매업,"실크원단,의류,기모노,쉐타,골프장갑 수출/침구,커텐,우산,화공약품(세포치료제) 도소매/견직물,실크원단 제조/부동산 임대"
909,SK인천정유,006290,,"석유정제,기초화합물,가스 제조,전기업"
910,STX조선해양,067250,선박 및 보트 건조업,"운반선,컨테이너선,일반화물선 건조,제조,판매,선박관련수리"
911,거북선1호선박투자,092970,,운수장비 임대
912,경남모직,001670,,"소모직물,방모직물,혼방직물,편직물 제조,염색가공,사무실 임대"
913,경남종금,014400,,
914,고려화학,010110,,
915,고제,002540,기초 화학물질 제조업,"화학제품(셀룰로오스유도체,소포제,탈기제),도어락조립금속 제조,도매"
916,굿리치경매2,088510,신탁업 및 집합투자업,부동산 임대 및 공급
917,금성계전,010000,,
918,금호건설,000570,,
919,나눔공간,028940,,주택(아파트)신축판매/부동산 임대
920,대구은행,005270,은행 및 저축기관,"금융,신탁업(대출금이자,유가증권이자,수수료수입)"
921,대망,028370,,
922,대선주조,004110,,"소주,오가피주,리큐르 제조"
923,대우송도개발,004550,자동차 판매업,"자동차판매,수출/건설,전기통신공사/부동산임대"
924,대한종합건설,029030,,
925,동북아11호선박투자,083360,,운수장비 임대
926,동북아28호,089180,,운송장비 임대
927,동북아4호,080970,,"운수장비 임대,투자기관"
928,동북아8호,082110,,기타투자기관
929,두산건설,002950,,"종합건설,건축 및 재건축도급공사,토목,아파트시공,도급공사,자체분양사업,SOC사업/토목설계,환경용역평가,감리,"
930,로케트전기,000420,일차전지 및 축전지 제조업,"일차전지,망간전지,알카전지,니카트전지,전기,전자부품,조명기구 제조,도매"
931,맵스베트남1,094520,신탁업 및 집합투자업,금융서비스
932,벽산개발,002080,,
933,삼미,002580,,"특수강판재 도매/철강,스텐레스,강판,건자재,함금철,선철,연마재 도소매,수출입/스텐레스 강판 제조/빌딩임대/무역"
934,삼영금속,029120,,
935,서통,001150,,"포장용필름,건전지,리튬이온전지,전지제어시스템,테이프 제조,판매"
936,세명종합건설,029840,,
937,신성이엔지,104110,특수 목적용 기계 제조업,클린룸장비
938,신세계종금,016690,,
939,신한금융투자,008670,,"유가증권 매매,위탁매매,유가증권 인수,주선/부동산 임대"
940,신화건설,006160,,
941,아남정밀,028490,,
942,아시아1호,080180,,선박 임대
943,아시아6호,082250,,운송장비 임대
944,아시아차,004280,,
945,에스와이코퍼레이션,008080,사진장비 및 광학기기 제조업,"쌍안경,CCTV렌즈,교환렌즈,자동카메라 제조,판매,수출입"
946,오렌지라이프,079440,보험업,생명보험상품
947,온미디어,045710,회사 본부 및 경영 컨설팅 서비스업,지주회사
948,전북은행,006350,은행 및 저축기관,"대출금이자,예치금이자,유가증권이자,외환매매익,보험"
949,제일냉동,010910,,
950,제일모직,001300,기초 화학물질 제조업,"합성수지(ABS,PC), 반도체용봉지제, 초박막액정표시장치용 컬러 레지스터, 반도체표면연마제, 휴대폰케이스 등"
951,조인에너지,004820,기타 전문 도매업,"일반강,특수강판,스테인레스강 제조,도매"
952,중원,003840,,
953,충북은행,007240,,
954,케이씨오에너지,011400,자동차 신품 부품 제조업,"자동차 차체용 부품 제조,판매"
955,케이알제2호,101790,부동산 임대 및 공급업,부동산 공급
956,코리아04호,091000,,운수장비 임대
957,코스파이더,034190,재 보험업,
958,코오롱유화,011020,,"합성수지(페놀수지,석유수지,PVC안정제) 제조,도매"
959,하이골드2호,139200,,
960,하이트맥주,103150,알코올음료 제조업,
961,한국유리,028760,,
962,한국저축은행,025610,은행 및 저축기관,상호신용금고
963,한국컴퓨터지주,009760,,"지주회사/컴퓨터,주변기기,사무용계산,회계용기계 제조,판매/S/W개발판매/역무제공업,현금서비스,신용카드대행"
964,한양,008690,,"토목공사,건축공사,플랜트공사,포장공사,주택공사,전기공사,통신공사"
965,한일은행,000130,,
966,한일합섬,003980,,"포릴아크릴화이바,아크릴톱,아크릴사,쉐타,인조섬유 제조가공,판매/주택건설/콘도미니엄"
967,한화종금,016480,,
968,현대울산종금,015620,재 보험업,
969,현대차써비스,009650,,
970,효성물산,001930,,
971,휴닉스,009790,,"인쇄회로기판(민생용PCB,산업용PCB) 제조,판매"
972,CS홀딩스,000590,기타 금융업,"브랜드 수익, 자회사 배당"
973,DB,012030,"컴퓨터 프로그래밍, 시스템 통합 및 관리업","컴퓨터 프로그래밍, 시스템 통합 및 관리"
974,DB손해보험,005830,보험업,"자동차보험,화재보험,해상보험,특종보험,장기보험"
975,F&F,007700,봉제의복 제조업,"스포츠웨어(골프웨어) 제조/도서출판(단행본,유아/아동전집류(아인슈타인시리즈),잡지)/이천고속도로휴게소/문구사무용품,수입의류 판매,소매"
976,GS리테일,007070,종합 소매업,"체인화 편의점,슈퍼마켓,마트,전자상거래/부동산(빌딩) 임대"
977,JW생명과학,234080,의약품 제조업,"기초수액, TPN, 특수수액, HEMO, 영양수액 등"
978,KC그린홀딩스,009440,기타 금융업,"환경방지오염시설(전기집진기,배연탈황설비,여과집진기,세정식집진기),제어장치 제조,설치"
979,LG유플러스,032640,전기 통신업,"개인휴대통신서비스,음성서비스,데이터서비스,부가통신/단말기 도소매/프로그램 개발,자료제공"
980,SPC삼립,005610,기타 식품 제조업,"빵,아이스크림,과자,케익,유산균음료,인스턴트식품,병조림,면류,식용유 제조,판매"
981,갤럭시아에스엠,011420,스포츠 서비스업,"스포츠중계권,스포츠마케팅,광고"
982,경방,000050,종합 소매업,"섬유류(면사,면혼방사,면직물,면혼방직물,화섬사,화섬직물) 제조,도매,수출입"
983,광동제약,009290,의약품 제조업,"의약품,식음료 제조,도매"
984,광주신세계,037710,종합 소매업,백화점
985,국도화학,007690,기초 화학물질 제조업,"에폭시수지,폴리아마이드수지,아염소산소다 제조,도소매"
986,금비,008870,유리 및 유리제품 제조업,"유리제품(주류병) 제조/화장품 도소매,수입(병제조기기)"
987,금호에이치티,214330,자동차 신품 부품 제조업,자동차용 전구 및 LED모듈
988,금호타이어,073240,고무제품 제조업,"타이어,튜브 제조,도매,무역"
989,기아자동차,000270,자동차용 엔진 및 자동차 제조업,"승용차,중대형버스,트럭,민수특수차량,군수차량 제조,판매,정비"
990,넷마블,251270,소프트웨어 개발 및 공급업,온라인·모바일 게임 소프트웨어 개발 및 공급
991,노루페인트,090350,기타 화학제품 제조업,페인트 제조
992,대림산업,000210,토목 건설업,"산업플랜트공사,건축,토목,폴리에틸렌,폴리부텐,각종폴리머 제조,기술용역"
993,대림씨엔에스,004440,"시멘트, 석회, 플라스터 및 그 제품 제조업","PHC파일, 골재, 강교제작"
994,대림통상,006570,기타 금속 가공제품 제조업,"수전금구,비데,위생도기,샤워부스,타일,양식기,무역"
995,대신증권,003540,금융 지원 서비스업,"유가증권 위탁매매,인수주선,자기매매 기타 금융서비스"
996,대웅,003090,기타 금융업,"지주회사/의약품,화공약품,농예약품,위생용품,의료용구,식품,전기전자기구,부품 제조,판매"
997,대원강업,000430,자동차 신품 부품 제조업,"차량용스프링,기계부속,시트,타이어체인,합성수지제품,철도용스파이크 제조,도매"
998,대원전선,006340,절연선 및 케이블 제조업,"전선,통신케이블,무선통신장비,합성수지 제조,도매/부동산 매매,임대"
999,대유에이텍,002880,자동차 신품 부품 제조업,자동차부품(자동차용 시트)제조
1000,대호에이엘,069460,1차 비철금속 제조업,"알루미늄 환절판 제조,도매,무역"
1001,동부건설,005960,토목 건설업,"건축공사,토목공사,전기공사,기계설비공사/비금속,철구조물 제조,판매/여객,자동차 운송,항만하역"
1002,동성코퍼레이션,102260,회사 본부 및 경영 컨설팅 서비스업,
1003,동양고속,084670,육상 여객 운송업,고속버스 운송/부동산 임대
1004,동양철관,008970,1차 철강 제조업,"수도용 도복장 강관,주물(강관말뚝),가스관 제조/아파트건설"
1005,동원수산,030720,어로 어업,"원양어업/수산물 제조,가공/참치어류 냉동냉장업"
1006,동일제강,002690,1차 철강 제조업,"PC강연선, 경강선, 도금선, 마봉강"
1007,롯데쇼핑,023530,종합 소매업,"백화점(의류,식품 및 잡화),할인점 운영/전자상거래"
1008,롯데지주,004990,기타 금융업,지주회사
1009,메리츠화재,000060,보험업,"손해보험(화재,해상,운송보험)"
1010,문배철강,008420,1차 철강 제조업,"철강재중 판재류(후판,박판,무늬강판) 제조,도매"
1011,미원에스씨,268280,기초 화학물질 제조업,에너지경화수지
1012,백광소재,014580,"시멘트, 석회, 플라스터 및 그 제품 제조업","생석회,소석회,석회비료 제조,판매/비금속광물 광업/산업폐기물 재생처리/휴게소 운영"
1013,부산산업,011390,"시멘트, 석회, 플라스터 및 그 제품 제조업","레미콘 제조,판매"
1014,삼광글라스,005090,유리 및 유리제품 제조업,"병유리(투명유리병/칼라유리병/박카스병/쥬스병/커피병/소주병/화장품용기),유리식기,크리스탈용기,렌지용 주방용기의 제조 판매"
1015,삼성엔지니어링,028050,"건축기술, 엔지니어링 및 관련 기술 서비스업","산업설비,건물,구축물,토목시설의 설계,시공,공사감리"
1016,삼익악기,002450,악기 제조업,"피아노,기타,현악기,전자악기,동 부분품 제조,임대,도매"
1017,삼천리,004690,연료용 가스 제조 및 배관공급업,도시가스 공급/부동산 임대
1018,서울식품공업,004410,기타 식품 제조업,"빵,스넥,마아가린,유지류,사료 제조,도매"
1019,세하,027970,"펄프, 종이 및 판지 제조업","백판지,마니라판지,지류,하수처리기계 제조/상하수도설비공사,수질오염방지시설공사"
1020,시디즈,134790,가구 제조업,의자
1021,신도리코,029530,컴퓨터 및 주변장치 제조업,"복사기,팩시밀리,프린터,주변기기 제조,판매"
1022,신한,005450,건물 건설업,"건축공사,토목공사,전기공사,통신공사,주택건설,기계설비공사,철골공사/철구조물 제조"
1023,쌍용자동차,003620,자동차용 엔진 및 자동차 제조업,"자동차,자동차부품,차륜,정비 제조/도소매"
1024,씨아이테크,004920,그외 기타 제품 제조업,"컴퓨터 소프트웨어,하드웨어 서버,도매"
1025,아시아나IDT,267850,"컴퓨터 프로그래밍, 시스템 통합 및 관리업","IT 서비스, IT 솔루션"
1026,아주캐피탈,033660,기타 금융업,"투자회사,할부금융,리스/자동차정비,자동차리스"
1027,알루코,001780,1차 비철금속 제조업,"알루미늄제품,샷시 제조"
1028,에스제이엠홀딩스,025530,자동차 부품 및 내장품 판매업,지주회사및경영자문
1029,엔에스쇼핑,138250,무점포 소매업,TV홈쇼핑
1030,영흥철강,012160,1차 철강 제조업,와이어로프 등
1031,오뚜기,007310,기타 식품 제조업,"라면,마요네즈,카레,스프,당면,소오스,토마토케첩,마가린,냉동생지(바게트,크로와상),참치캔,식초,3분짜장 제조"
1032,유성기업,002920,자동차 신품 부품 제조업,"철도차량부품(피스턴링,실린더라이너,발브가이드,타펫트),자동차부품,주강,주물 제조,판매"
1033,유수홀딩스,000700,회사 본부 및 경영 컨설팅 서비스업,지주사업
1034,이수페타시스,007660,전자부품 제조업,"P.C.B(인쇄회로기판),M.L.B 제조"
1035,이아이디,093230,기타 전문 도매업,"무선통신기기부품,전시용 핸드폰모형기(ADM) 제조"
1036,인지컨트롤스,023800,자동차 신품 부품 제조업,"자동차부품(터머스위치,터머스탯) 제조"
1037,인터지스,129260,도로 화물 운송업,"화물운송,알선,하역"
1038,자이에스앤디,317400,부동산 임대 및 공급업,"부동산 관리, 정보통신 공사, 아파트 AS 및 옵션 제품 공급, 건축물 시공 및 분양"
1039,전방,000950,방적 및 가공사 제조업,"면사,면혼방사,마혼방사,화섬사,염색사,자수사,소모사,면직물,면혼방직물,화섬직물,특수가공직물 제조,판매,수출"
1040,제이준코스메틱,025620,기타 화학제품 제조업,화장품 제조 판매
1041,제이콘텐트리,036420,"영화, 비디오물, 방송프로그램 제작 및 배급업","영화 및 방송프로그램 제작, 유통, 광고"
1042,제일기획,030000,광고업,"광고 대행/광고물,영화 제작,인쇄,출판"
1043,조광페인트,004910,기타 화학제품 제조업,"도료(우레탄,에나멜,락카,특수도료) 제조,도매"
1044,코스맥스,192820,기타 화학제품 제조업,화장품
1045,코스모신소재,005070,기타 화학제품 제조업,"이차전지양극활물질,기능성필름"
1046,코오롱글로벌,003070,토목 건설업,"토목공사,일반건설,주택건설,해외건설,소각로설비공사/환경플랜트,폐처리기 제조"
1047,콤텍시스템,031820,"컴퓨터 프로그래밍, 시스템 통합 및 관리업","시스템(네트웍) 구축/데이터통신장비(모뎀,먹스),종합네트워크시스템 제조,설치,유지보수"
1048,키위미디어그룹,012170,"영화, 비디오물, 방송프로그램 제작 및 배급업",석탄(점결탄) 판매
1049,티웨이항공,091810,항공 여객 운송업,저가 항공운송
1050,퍼스텍,010820,무기 및 총포탄 제조업,"방위산업제품,프린터,불소화합물,자동차용 매트 제조/얼굴인식시스템 개발"
1051,하이골드3호,153360,운송장비 임대업,
1052,한국ANKOR유전,152550,신탁업 및 집합투자업,
1053,한국내화,010040,"내화, 비내화 요업제품 제조업","내화벽돌,내화몰탈,축로등 제조,판매"
1054,한국콜마,161890,기타 화학제품 제조업,"화장품, 의약품"
1055,한국화장품,123690,생활용품 도매업,화장품
1056,한라,014790,토목 건설업,"토목,건축,전기,환경사업,준설공사,포장공사,주택,중기임대"
1057,한섬,020000,봉제의복 제조업,"여성의류,금속 액세서리,신발,가방,선글라스 제조,판매"
1058,한솔홈데코,025750,제재 및 목재 가공업,"PB,MDF,바닥재,강화,재생목재,LPM,제재목 제조,도소매,무역/임업,벌목관련 사업"
1059,한올바이오파마,009420,의약품 제조업,"의약품 제조,도매/부동산 임대"
1060,한화손해보험,000370,보험업,손해보험
1061,핸즈코퍼레이션,143210,자동차 신품 부품 제조업,자동차 알루미늄 휠
1062,현대리바트,079430,가구 제조업,"일반목재가구(책상,침실가구),주방가구,목창호,사무용가구,선실가구 제조"
1063,현대오토에버,307950,소프트웨어 개발 및 공급업,"전산실운영, 시스템구축, 전산장비 납품, SOC/건축 사업"
1064,화승엔터프라이즈,241590,신발 및 신발 부분품 제조업,
1065,화인베스틸,133820,1차 철강 제조업,"조선용 형강(부등변 부등후 앵글, 부등호 앵글, 등변앵글 평철 등)"
1066,화천기계,010660,특수 목적용 기계 제조업,"선반,밀링,연삭기,CNC선반,CNC밀링,머시닝센타 제조,판매/자동차부품(실린더블럭) 제조"
1067,효성첨단소재,298050,화학섬유 제조업,PET타이어코드
1068,후성,093370,기초 화학물질 제조업,"불소화물 제조,도매"
1069,휴스틸,005010,1차 철강 제조업,"강관(배관용,구조용,유정용) 제조,도매"
1070,흥아해운,003280,해상 운송업,"해상운송(일본항로,동남아항로)"
1071,LG생명과학,068870,의약품 제조업,의약품 제조/농약 도매
1072,LG석유화학,012990,,"납사분해,동유도체,에틸렌,프로필렌,벤젠,톨루엔,자일렌,페놀,아세톤 제조"
1073,SK,003600,회사 본부 및 경영 컨설팅 서비스업,지주회사
1074,거북선3호,102000,,운송장비(선박 ) 임대
1075,거북선5호,114130,,
1076,고합,004460,,"합성섬유(NYLON원사,폴리에스터사),침장류,카페트,부직포 제조,PX,PTA,SSP,PIA,Pet칩,Pet필름,PA,DOP,나일론칩"
1077,공영토건,001700,,
1078,광덕물산,003590,,"신사복,모피류,섬유 제조/부동산임대"
1079,금강화섬,010730,,"폴리에스터원사 제조,판매,직물 수출업,화섬직물"
1080,남양,003020,,"어망,연승,해태건조기 제조,도매,수출입"
1081,넥상스코리아,003050,,"전력선,통신케이블선,알루미늄선,특수선,광케이블 제조,판매,수출입"
1082,넥솔론,110570,반도체 제조업,태양광발전용 웨이퍼
1083,대도상사,028500,,
1084,대동은행,021600,,
1085,대미실업,015090,,
1086,대성합동지주,005620,회사 본부 및 경영 컨설팅 서비스업,"석유 판매,가스,연탄,섬유제품 제조/종합건설,콘테이너,기계,화물,위생냉난방,해외유전 개발"
1087,대우실업,029040,,
1088,대한석유지주,029210,,
1089,대한은박지,007480,1차 비철금속 제조업,"알미늄호일,알미늄박지,알미늄박 제조"
1090,대한중석,000160,,
1091,동국방직,011180,,
1092,동방개발,012150,,
1093,동부산업,003970,,
1094,동부화학,008950,,
1095,동북아6호,080410,,"선박 임대,투자기관"
1096,동성반도체,016070,,
1097,동아건설,000280,,"건축공사,토목공사/건축설계,감리/레미콘,콘크리트 제조/부동산임대"
1098,동양정밀,001100,,
1099,디와이홀딩스,004510,,비주거용건물 임대
1100,리얼티코리아제1호,072450,부동산 임대 및 공급업,"부동산 임대,공급"
1101,메디슨,018360,,"초음파영상진단기 제조,도매,무역"
1102,바로크,017120,,
1103,박현주3호,034200,재 보험업,
1104,반도스포츠,028480,,
1105,배명금속,011800,1차 철강 제조업,"스텐레스특수강(봉강,형강,대환용,환용,앵글,평철,파이프) 제조,판매,무역"
1106,삼애인더스,009330,,"피혁의류,원피 제조,수출입/해저,지하매장물 탐사,채굴"
1107,세방해운,029160,,
1108,신동양건설,028390,,
1109,씨크롭,016970,,"단열재판넬,냉동냉장용판넬,지문인식시스템 제조,판매/소프트웨어개발"
1110,아시아10호,083570,,운송장비 임대
1111,영남종금,024960,재 보험업,
1112,오라바이오틱스,016160,영상 및 음향기기 제조업,"방송수신기기,영상기기,음향기기 제조,무역/유선방송관련서비스"
1113,요업개발,006900,,
1114,우리스팩1호,122750,금융 지원 서비스업,금융지원서비스
1115,우생,028570,,
1116,유성티에스아이,024870,기타 금속 가공제품 제조업,"볼트,너트 제조,도매"
1117,일신제강,028340,,
1118,일은증권,008530,,
1119,제로원인터랙티브,069470,기타 정보 서비스업,"디지탈컨텐츠,가정용기구,알루미늄제품 제조,도매"
1120,진도물산,006240,,
1121,진로식품,004730,,
1122,충청은행,005510,,
1123,케이비물산,008540,기타 전문 도매업,메리야스 제조
1124,케이비부국위탁리츠,149130,부동산 임대 및 공급업,
1125,코리아05호,093400,,기타 운송장비 임대업
1126,코리아06호,093410,,운송장비 임대
1127,코오롱인터내셔널,063510,,"수출입업,섬유,의류,피혁제품,통신제품 제조,스포츠레져용품 판매/커튼 도매/부동산 임대"
1128,코크렙15호,121550,부동산 임대 및 공급업,
1129,코크렙7호,086720,부동산 임대 및 공급업,"부동산 임대,공급"
1130,태일정밀,017320,,
1131,태창기업,007490,방적 및 가공사 제조업,"면직물,골텐,데님,우단,날염 제조,염색가공"
1132,태평양건설,028460,,
1133,태화,000510,,부동산 임대
1134,팬택자산관리,025930,,"무선호출기,휴대용통신단말기,디지털위성방송수신기,부호분할 다중접속방식 단말기,인터넷폰 제조,도매"
1135,하나IB,003330,,"증권업,증권매매업,부동산임대"
1136,하나은행_피흡수,007360,보험업,
1137,한국아태특별,098150,신탁업 및 집합투자업,투자신탁
1138,한진해운,117930,해상 운송업,해상운송
1139,해태유업,003900,,"시유,발효유,치즈,버터 제조,가공,도매"
1140,호남식품,007100,,"부동산(토지,건물) 임대/청량음료 제조"
1141,AK홀딩스,006840,기타 금융업,지주사업
1142,BGF,027410,기타 금융업,지주회사
1143,BNK금융지주,138930,기타 금융업,금융지주회사
1144,KG케미칼,001390,기초 화학물질 제조업,"콘크리트혼화제, 비료, 친환경농자재, 수처리제"
1145,KTB투자증권,030210,금융 지원 서비스업,"금융업, 서비스, 부동산"
1146,KTcs,058850,기타 정보 서비스업,전화번호검색 데이타제공/콜센터 운영
1147,LG생활건강,051900,기타 화학제품 제조업,"화장품,생활용품 제조,도매"
1148,NI스틸,008260,1차 철강 제조업,"스틸파이프,철강재임가공 제조,도매"
1149,SG세계물산,004060,상품 종합 도매업,"피복류,봉제품,P.E제품 수출입,도매,제조/조경사업"
1150,SG충방,001380,자동차 신품 부품 제조업,"자동차시트커버(Seat Trim Cover), 면사, 면ㆍ혼방사 등의 제조 및 판매"
1151,SIMPAC,009160,특수 목적용 기계 제조업,"프레스,자동화장치,자동차부품 제조,도매"
1152,SK가스,018670,기타 전문 도매업,"액화석유가스,가스기기 판매,수입,저장"
1153,SK디앤디,210980,부동산 임대 및 공급업,"비주거용 부동산개발 및 임대(오피스, 지식산업센터, 호텔 등)"
1154,SK렌터카,068400,운송장비 임대업,승용자동차 임대
1155,TCC스틸,002710,1차 철강 제조업,"석도강판,표면처리강판 제조,판매"
1156,가온전선,000500,절연선 및 케이블 제조업,"전력선,통신케이블 제조,도매,수출입"
1157,경보제약,214390,기초 의약물질 및 생물학적 제제 제조업,"아토르바스타틴, 세프티족심, 세프트리약손"
1158,계양전기,012200,일반 목적용 기계 제조업,"전동공구(그라인더,드릴,커팅머신 등), 엔진, 자동차용 모터 제조"
1159,고려산업,002140,"곡물가공품, 전분 및 전분제품 제조업","배합사료,플라스틱용기 제조/부동산 임대"
1160,남광토건,001260,토목 건설업,"토목공사,건축공사,기전공사,측량설계시공,용역/철구조물 제조"
1161,넥센,005720,고무제품 제조업,"자동차용 재생타이어튜브,솔리드타이어,고무부품,골프볼,와이어로프소재,특수강선,열처리도금선,건자재 제조,판매,수출입"
1162,넥스트사이언스,003580,기타 비금속광물 광업,"무연탄채굴,원유,유전개발,가스전 개발/부동산 임대"
1163,농심,004370,기타 식품 제조업,"라면,스낵,유지 제조,도매,수출입"
1164,다우기술,023590,"자료처리, 호스팅, 포털 및 기타 인터넷 정보매개 서비스업","인터넷솔루션 개발,도매,IT컨설팅,시스템 설계,자문,인터넷관련서비스/부동산분양,개발,임대"
1165,대성산업,128820,연료 소매업,"주요소운영,기계판매 등"
1166,대유플러스,000300,통신 및 방송 장비 제조업,"유,무선 통신장비"
1167,대한전선,001440,절연선 및 케이블 제조업,"전력선,통신케이블,적산계기,스텐레스압연제품,광케이블,초고압선,알루미늄 제조,도매/전기공사"
1168,대한제분,001130,"곡물가공품, 전분 및 전분제품 제조업","소맥분,토코밀,프리믹스,밀가루조제품,제분부산물 제조/파스타 수입,판매"
1169,대한항공,003490,항공 여객 운송업,"여객운송,화물운송,항공기 제조,판매,정비수리/기내식 제조판매,면세품 판매"
1170,대한화섬,003830,화학섬유 제조업,"화학섬유원사(FY,PTY,S.FIBER)제조"
1171,덕양산업,024900,자동차 신품 부품 제조업,"자동차부품(CRASH PAD,TRIM PANEL) 제조,판매"
1172,동남합성,023450,기초 화학물질 제조업,"계면활성제,정밀화학품 제조,도매/부동산 임대"
1173,동방,004140,기타 운송관련 서비스업,"육상운송,해상운송,항만화물하역,보관,창고,물류사업"
1174,동북아13호선박투자,083380,운송장비 임대업,운수장비 임대
1175,동아타이어,282690,고무제품 제조업,타이어 및 튜브
1176,동원시스템즈,014820,플라스틱제품 제조업,포장용 플라스틱제품 제조 외
1177,디아이,003160,"측정, 시험, 항해, 제어 및 기타 정밀기기 제조업; 광학기기 제외","반도체검사장비,전자부품,레저용품,석제품 제조,판매,오파,부동산임대업"
1178,롯데리츠,330590,부동산 임대 및 공급업,부동산투자
1179,무림P&P,009580,"펄프, 종이 및 판지 제조업","표백화학펄프(B.K.P) 제조,목재가공,조림사업"
1180,미래산업,025560,"측정, 시험, 항해, 제어 및 기타 정밀기기 제조업; 광학기기 제외","PCB마운터,반도체검사장비(반도체테스트핸들러),LCD 검사장비,리드프레임매가진 제조,도매,무역"
1181,미원상사,002840,기타 화학제품 제조업,"계면활성제,분황,황산,도료첨가제,프라스틱첨가제 제조"
1182,방림,003610,직물직조 및 직물제품 제조업,"P/C혼방직물,면방적,각종사류,직물류 제조,도소매"
1183,보령제약,003850,의약품 제조업,"의약품(제산제(겔포스),구심,용각산,고혈압치료제(카프릴),소염진통제(멘소레담),항생제(듀리세프),혈전치료제(아스트릭스)) 제조"
1184,부국철강,026940,1차 철강 제조업,철강
1185,삼아알미늄,006110,1차 비철금속 제조업,"알루미늄박지,은박지,은박가공품,알페이스트 제조,도매,수출"
1186,삼양사,145990,기타 식품 제조업,설탕
1187,삼호개발,010960,기반조성 및 시설물 축조관련 전문공사업,"토공사,철근콘크리트공사,포장공사,미장방수공사,상하수도공사,수중공사,비계구조물해체공사/골재,아스콘 제조,판매,중기임대"
1188,삼화페인트공업,000390,기타 화학제품 제조업,"건축용페인트,공업용페인트,분체도료 등 제조"
1189,성문전자,014910,전자부품 제조업,"콘덴서용 증착필름,압력분무식 플러스자동도포기 제조,판매"
1190,세아베스틸,001430,1차 철강 제조업,"특수강,철도용품,자동차부품 제조,수출입"
1191,세아제강지주,003030,기타 금융업,경영컨설팅업
1192,세화아이엠씨,145210,특수 목적용 기계 제조업,"타이어 금형, 타이어 제조설비"
1193,쌍용양회공업,003410,"시멘트, 석회, 플라스터 및 그 제품 제조업",시멘트(크링카)
1194,아남전자,008700,영상 및 음향기기 제조업,"칼라TV,오디오,비디오 제조,도매"
1195,아세아제지,002310,"골판지, 종이 상자 및 종이용기 제조업","골판지원지,석고보드원지,크라프트원지,라이나원지,라이너지 제조,판매"
1196,에스엘,005850,자동차 신품 부품 제조업,"자동차부품(자동차램프류,샤시와조향기기,케스터홀더) 제조"
1197,엘브이엠씨,900140,자동차 판매업,지주회사
1198,영원무역,111770,상품 종합 도매업,스포츠의류
1199,오리엔트바이오,002630,의약품 제조업,의약품 제조
1200,오리온홀딩스,001800,기타 금융업,자회사 관리 지주사업 등
1201,웅진,016880,기타 금융업,"교육서비스(웅진아이큐,중.고교학습,어린이마을),도서,잡지 출판/부동산 임대/인터넷관련사업"
1202,유니퀘스트,077500,기계장비 및 관련 물품 도매업,"반도체직접회로 도매,무역,제조"
1203,인디에프,014990,봉제의복 제조업,"여성의류,남성의류,캐쥬얼웨어 제조"
1204,일신석재,007110,"건축자재, 철물 및 난방장치 도매업","건축석 제조,도소매/석공예,석공사"
1205,일양약품,007570,의약품 제조업,"일반의약품(원비디,영비천,아진탈,디세텔,노루모산),항암제(베타-이뮤난),전문의약품 제조,판매,수출입"
1206,조비,001550,"비료, 농약 및 살균, 살충제 제조업","복합비료(연초용,수도용,시판용,특수작물용),양액재배용 비료,완효성 비료,부직포 제조,무역"
1207,주연테크,044380,컴퓨터 및 주변장치 제조업,"각종컴퓨터,주변기기 제조/소프트웨어 개발"
1208,케이비아이동국실업,001620,자동차 신품 부품 제조업,"자동차부품(에어닥트,글로벌박스,노즐,어셈블리류,핸들류) 제조,판매/공장 임대"
1209,케이씨,029460,"측정, 시험, 항해, 제어 및 기타 정밀기기 제조업; 광학기기 제외",가스/Chemical 공급 장치 등 제조 및 판매
1210,케이티스카이라이프,053210,텔레비전 방송업,위성방송서비스
1211,코리안리,003690,재 보험업,금융보험/부동산 임대
1212,코오롱,002020,기타 금융업,지주회사
1213,코웨이,021240,그외 기타 개인 서비스업,"렌탈 서비스(정수기,비데, 필터교환 등), 가정용기기 도매,판매,제조,폐기물처리설비,수출(정수기,청정기)"
1214,키움증권,039490,금융 지원 서비스업,"유가증권의 매매, 위탁, 인수, 주선"
1215,태양금속공업,004100,자동차 신품 부품 제조업,"자동차용 강력볼트,너트,전기전자제품용 나사,자전거부품,전해동박,도금도장설비 제조"
1216,파미셀,005690,기초 의약물질 및 생물학적 제제 제조업,"줄기세포치료제,화장품"
1217,포스코인터내셔널,047050,상품 중개업,"무역(철강,화학,자동차부품),수출주선,대행,알선,가공원단,폴리우레탄,자동차시트 제조"
1218,풀무원,017810,기타 식품 제조업,"두부류,생면류,나물류,냉동류,조미류,김치류,묵류,녹즙,과채음료,건강보조식품 판매,제조,생식품 수출"
1219,하이트진로홀딩스,000140,기타 금융업,지주회사
1220,한국단자공업,025540,"전동기, 발전기 및 전기 변환 · 공급 · 제어 장치 제조업","전기변환장치(광커넥터,통신용콘넥터,정밀압착단자설계) 제조,무역(수출)"
1221,한국쉘석유,002960,석유 정제품 제조업,"윤활유,그리스 제조,도매"
1222,한국전자홀딩스,006200,기타 금융업,"시장조사,경영컨설팅"
1223,한국조선해양,009540,선박 및 보트 건조업,"선박,해양구조물,엔진,펌프 전동기,중전기,중장비 제조/자동창고,물류시스템"
1224,한국카본,017960,"구조용 금속제품, 탱크 및 증기발생기 제조업","탄소섬유(카본프리프레그(낚시대,테니스라켓,골프 Shaft,스포츠레저용품)),합성수지,글라스페이퍼,LNG선박용 단열판넬 제조,도매"
1225,한국특수형강,007280,1차 철강 제조업,"철강압연제품(앵글,이형형강,평철,환봉) 제조,판매"
1226,한농화성,011500,기타 화학제품 제조업,"계면활성제,글리콜에테르 제조,판매"
1227,한미사이언스,008930,기타 금융업,"항생제(세포탁심,세포트리악손),유산균정장제(메디락비타,메디락베베),위장관운동조절개선제(설프라이드),고혈압치료제(유니바스크),원료의약품,식품 제조,판매"
1228,한신공영,004960,건물 건설업,"토목공사,건축공사,주택건설,유통업(백화점),문화교실,주차장"
1229,한익스프레스,014130,도로 화물 운송업,"특수화물 운송(유류,화학류,벌크제품 등),냉동차,탱크로리운송,복합운송 주선,임대,택배/특장차,중기 제조,판매"
1230,한전기술,052690,"건축기술, 엔지니어링 및 관련 기술 서비스업",원자력발전소 설계 등
1231,한진칼,180640,항공 여객 운송업,"지주사업, 경영자문 및 컨설팅"
1232,한화투자증권,003530,금융 지원 서비스업,"유가증권 위탁매매,자기매매,인수주선"
1233,해태제과식품,101530,기타 식품 제조업,"홈런볼, 오예스, 맛동산, 부라보콘 등"
1234,현대글로비스,086280,기타 운송관련 서비스업,"화물운송주선,화물포장,자동차 수리/산업용 기계장비 임대"
1235,현대엘리베이터,017800,일반 목적용 기계 제조업,"엘리베이터,에스컬레이터,공항,공정,크린룸,병원 물류시스템,수,배송센터,고속소팅시스템,주차설비 제조,판매,보수"
1236,형지엘리트,093240,봉제의복 제조업,"학생복,스포츠의류,작업복 제조,도매"
1237,화승알앤에이,013520,자동차 신품 부품 제조업,"자동차용 고무제품(제조저압호스,고압호스,산업용고무호스,,WEATHER STIRP,고무판,콘베어벨트) 제조,판매,수출입"
1238,효성티앤씨,298020,화학섬유 제조업,"섬유, 산업자재, 화학, 중공업, 건설, 무역,금융 등"
1239,C&중공업,008400,자동차 차체 및 트레일러 제조업,"컨테이너,탑차,윙바디,크레인,트레일러,모피의류,피혁의류,여성기성복 제조/부동산임대/오락,문화서비스업"
1240,FNC코오롱,001370,봉제의복 제조업,"의류,봉제,직물,섬유,피혁제품,화학,기계,철강,스포츠례져용품 제조,도매,무역/인터넷 쇼핑몰"
1241,LG데이콤,015940,전기 통신업,"국제전화서비스,시외전화서비스,전용회선서비스,부가통신서비스/데이타통신 연구개발,인터넷서비스,정보 처리,수집,가공,도매/소프트웨어 개발/건물 임대"
1242,갑을방적,011290,,
1243,고려원양어업,028330,,
1244,고려종금,017110,,
1245,골든경매일호,084160,신탁업 및 집합투자업,기타 투자
1246,광주은행,192530,은행 및 저축기관,은행업 등
1247,광주은행,005770,보험업,"은행업,신탁업"
1248,극동전선,006250,,"전선(선박용 전선,전력,통신케이블,난연무독성 소방용 전선),전자기기(콘넥타),고압고무호스 제조"
1249,극동제혁,010200,,"피혁제품 제조,도매/부동산 임대"
1250,글로스텍,012410,기계장비 및 관련 물품 도매업,"수정진동자,수정발진소자,수정발진기,수정필터,탄성실장소자주파수여과기 제조,도매,무역"
1251,금성부품,028470,,
1252,기아차판매,007170,,
1253,남선물산,005000,,
1254,논노,015780,,
1255,대농건설,029200,,
1256,대상교역,006790,,
1257,대양상호신용금고,013250,재 보험업,
1258,대우,003810,,"무역(자동차,선박,섬유),수출입 대행,중개,국내외상사 대리업"
1259,대우증권스팩,121910,금융 지원 서비스업,spac
1260,도레이케미칼,008000,화학섬유 제조업,"폴리에스터 섬유 및 동 관련제품의 제조판매 및 수출입업,각종 필터 및 동 관련제품의 제조판매 및 수출입업"
1261,동남은행,021610,,
1262,동북아10호선박투자,083350,,운수장비 임대
1263,동북아1호,078420,,기계장비 및 소비용품 임대
1264,동북아2호,080030,,운송장비(선박) 임대
1265,동북아31호,093730,,운송장비 임대
1266,동북아3호,080960,,운수장비 임대
1267,두산식품,001610,,
1268,라미화장품,010330,,"화장품(여성용스킨케어,남성용스킨케어, 메이크업라인 제품),의약부외품,화공약품 제조"
1269,베네데스하이텍,009360,,"가죽,가죽제품(핸드백,지갑,벨트) 도소매,수출,제조"
1270,삼양타이어,029180,,
1271,선진금속,018570,,"전선용동선,알미늄선 제조,판매"
1272,셀런,013240,영상 및 음향기기 제조업,"STB,위성수신기(DMB) 제조"
1273,스탠다드차타드은행,000110,보험업,"은행업,신탁업(대출금이자,유가증권수익,수입수수료)"
1274,신광산업,005410,,
1275,신세계톰보이,012580,봉제의복 제조업,"의류(정장) 제조,도소매/부동산 임대"
1276,신일건업,014350,건물 건설업,"토목건축공사업,주택건설,전기기계공사/부동산 매매,임대"
1277,신화,016640,,
1278,씨앤상선,000790,해상 운송업,"해운,해외취업선원송출,선박대리점/부동산 임대"
1279,씨앤우방,013200,토목 건설업,"건축공사,토목공사,아파트건설,주택신축,항만공사/유희시설 운영"
1280,아시아3호,081200,,선박 임대
1281,아시아4호,081210,,선박 임대
1282,아시아9호,081940,,그외 기타 운송장비 임대
1283,엠피챌린지,035340,재 보험업,
1284,옥전산업,028960,,
1285,옥포기업,029010,,
1286,옵티멈전환일,038270,재 보험업,
1287,우리증권,001280,,"증권업,유가증권의 매매,위탁매매,중개 또는 대리,인수"
1288,위너스인프라인,005760,생활용품 도매업,"지류(모조지,아트지,스노우,팬시지) 도매,자켓,셔츠,니트자동차용 시트커버 제조,도매/골프연습장운영"
1289,유레스메리츠제1호,073470,부동산 임대 및 공급업,부동산(비주거용) 임대
1290,유성,002340,,
1291,중국원양자원,900050,기타 금융업,지주회사
1292,중앙건설,015110,건물 건설업,"주택공사,토목공사,건축공사,포장공사"
1293,청솔종금,015080,,
1294,코오롱종합전기,029220,,
1295,포스코플랜텍,051310,토목 건설업,"발전설비(폐열회수장치),열교환기,화학기계,화공플랜트,강관철탑,압력용기류,선박부품,관련기계부품 제조,도매,설비공사"
1296,피앤텍,013820,,
1297,하이콘테그,000310,,"건과,빙과류,스낵류(포테토칩,찡오야) 제조/아파트 건설"
1298,한국안전유리,018550,,
1299,한국유전15-1,093820,신탁업 및 집합투자업,"원유,천연가스 채굴서비스/증권투자"
1300,한일건설,006440,건물 건설업,"토목건축공사,주택건설공사,전기공사,포장공사,해외공사/건축자재 제조,판매"
1301,한일약품공업,003040,,"의약품(화이투벤,세라도란,케다시린,란스톤(소화성궤양치료제))제조,도매"
1302,항도종금,014980,,
1303,해동금고,007420,재 보험업,
1304,해외섬유,028900,,
1305,현대오토넷,042100,전자부품 제조업,"오디오 비쥬얼 기기,자동차 전장부품,카오디오,카AV시스템 제조,도매,정보 서비스"
1306,현대종금,011880,,
1307,BYC,001460,봉제의복 제조업,"메리야스,란제리 제조,도매/건축공사/부동산 임대,분양,공급"
1308,CJ,001040,기타 금융업,지주회사
1309,CJ대한통운,000120,도로 화물 운송업,"Contract Logistics, 포워딩, 항만하역, 해운, 택배국제특송, SCM Consulting"
1310,DSR,155660,1차 비철금속 제조업,합섬섬유로프
1311,LS네트웍스,000680,상품 종합 도매업,"혁화,의류,등산용품 도매,제조/부동산 임대"
1312,SK,034730,기타 금융업,"지주회사, 시스템통합(SI), 정보통신사업 관련 컨설팅,조사용역,정보통신기술 연구개발/정보통신기기,소프트웨어 개발,도매"
1313,SK디스커버리,006120,기타 금융업,"화섬사(폴리에스테르원사(폴리에스터F,폴리에스터SF),폴리에스터직물,아세테이트),석유화학부문(TPA,DMT),섬유원료,직물,BOTTLE용CHIP,접착제,폴리우레탄 제조,"
1314,SK케미칼,285130,합성고무 및 플라스틱 물질 제조업,"PETG 수지, PET 수지, 바이오디젤, 백신"
1315,STX엔진,077970,일반 목적용 기계 제조업,"엔진,터빈,내연기관 제조,도매"
1316,YG PLUS,037270,"인형,장난감 및 오락용품 제조업","광고대행,광고물 제작"
1317,강남제비스코,000860,기타 화학제품 제조업,"도료(페인트,락카,신나,에나멜,바니쉬),안료 제조,판매"
1318,강원랜드,035250,유원지 및 기타 오락관련 서비스업,"카지노,관광호텔,골프장,스키장,체육시설 운영"
1319,경동나비엔,009450,가정용 기기 제조업,"가정용기름보일러,입형,횡형 온수보일러,가스보일러,버너,흡수식 냉온수기,전기보일러,진공온수보일러,태양열보일러 제조,판매"
1320,그린케미칼,083420,기타 화학제품 제조업,"비이온계면활성제 제조,도매"
1321,금호석유화학,011780,기초 화학물질 제조업,"합성고무 SBR(스티렌부타디엔러버),BR(폴리부타디엔러버),합성수지,BD,라텍스 제조,도소매"
1322,깨끗한나라,004540,"펄프, 종이 및 판지 제조업","펄프,판지원지,화장지 제조,수출입"
1323,대동공업,000490,특수 목적용 기계 제조업,"경운기,트랙터,이앙기,바인더,수확기(콤바인),농업용엔진 및 부품 제조,판매"
1324,대상홀딩스,084690,기타 금융업,지주회사
1325,대성에너지,117580,연료용 가스 제조 및 배관공급업,천연가스
1326,대우부품,009320,자동차 신품 부품 제조업,"전해콘덴서,복합부품,전자튜너 제조"
1327,대창단조,015230,자동차 신품 부품 제조업,"자동차,중장비 부품(크랭크샤프트,트랙링크조립체,커넥팅로드,중장비롤러류),기어,동력전달장치,단조가공품,단조품 제조"
1328,동북아12호선박투자,083370,운송장비 임대업,운수장비 임대
1329,동성화학,005190,기초 화학물질 제조업,"화합물,화학제품(폴리우레탄수지,접착제,표면처리제,특수도료,폴리올) 제조"
1330,동아에스티,170900,의약품 제조업,"스티렌, 자이데나"
1331,동아지질,028100,기반조성 및 시설물 축조관련 전문공사업,"보링그라우팅공사,토공사,철근콘크리트공사,상하수도공사,비계구조물해체공사,수중공사/지질조사,시공감리"
1332,동양물산기업,002900,특수 목적용 기계 제조업,"농기계,연초용필터,금속제양식기,철강압연 제조,도매,수출입/신문서적 수출입,판매"
1333,동일산업,004890,1차 철강 제조업,"봉강,합금철,철근,마봉강,냉간압조용선재,주조,지선,주강,다이아몬드공구 제조,도매"
1334,롯데푸드,002270,낙농제품 및 식용빙과류 제조업,"빙과,유지,식품 제조"
1335,메리츠종금증권,008560,금융 지원 서비스업,"유가증권의 위탁매매,자기매매,인수공모주선업무"
1336,모나리자,012690,기타 종이 및 판지 제품 제조업,"화장지,미용티슈 제조,도매"
1337,무림페이퍼,009200,"펄프, 종이 및 판지 제조업","지류,아트지,백상지 제조"
1338,미래에셋대우,006800,금융 지원 서비스업,"유가증권매매,유가증권위탁매매,유가증권인수"
1339,보해양조,000890,알코올음료 제조업,"주류(소주,매취,실비우스,위스키) 제조,음료 도매"
1340,상신브레이크,041650,자동차 신품 부품 제조업,"자동차 브레이크 슈 어셈블리,브레이크패드 제조/군납업,무역/부동산 임대"
1341,서울도시가스,017390,연료용 가스 제조 및 배관공급업,"도시가스공급,가스공급설비공사"
1342,성안,011300,직물직조 및 직물제품 제조업,"제직,염색,폴리에스터직물,자수직물봉제 제조,판매/임대료,관리비 수입"
1343,신대양제지,016590,"골판지, 종이 상자 및 종이용기 제조업","골판지용 골심지,라이너지 제조,수출입"
1344,신풍제지,002870,"펄프, 종이 및 판지 제조업","마닐라판지 제조,도소매"
1345,신흥,004080,기계장비 및 관련 물품 도매업,"치과용기자재(방사선장치,전기진단장치),주사침 도소매,제조/부동산 임대"
1346,씨에스윈드,112610,"구조용 금속제품, 탱크 및 증기발생기 제조업",풍력발전타워 제조
1347,애경유화,161000,기초 화학물질 제조업,오르토프탈산디옥틸
1348,에이프로젠제약,003060,의약품 제조업,"의약품(항생제,영양수액제,드링크제,철결핍성빈혈예방치료제,경옥동충하초) 제조,판매"
1349,영풍제지,006740,"골판지, 종이 상자 및 종이용기 제조업","골판지원지,지관원지,라이나원지 제조"
1350,용평리조트,070960,일반 및 생활 숙박시설 운영업,"리조트 운영, 콘도 분양"
1351,우리들제약,004720,의약품 제조업,의약품 외
1352,우리종금,010050,기타 금융업,"종합금융,주택할부금융,부동산"
1353,웅진씽크빅,095720,초등 교육기관,"기타출판 제조/서적,교구,통신판매 도소매/부동산 임대/교구렌탈,컴퓨터운용관련서비스"
1354,율촌화학,008730,플라스틱제품 제조업,"연포장재,필름,골판지상자,합성수지,플라스틱일반성형제품 제조"
1355,이노션,214320,광고업,광고대행 및 광고물의 제작 등
1356,이화산업,000760,기타 전문 도매업,"염료(반응성염료,분산염료,범용염료,직접염료,산성염료),염료화성품,합성수지,고무 도매,제조"
1357,인팩,023810,자동차 신품 부품 제조업,"자동차용 케이블,전자정보통신관련기기 제조,도매"
1358,일신방직,003200,방적 및 가공사 제조업,"면사,P/C혼방사,P/C혼방직물,화섬사 제조,수출"
1359,일진디스플,020760,반도체 제조업,"박막액정표시장치(TFT-LCD) 패널,LT(리튬탄탈에이트)웨이퍼,분말야금제품(초고압용공구),보석다이아몬드 제조,판매/종합건설"
1360,잇츠한불,226320,기타 화학제품 제조업,"스킨케어 베이직, 포인트 메이크업, 스킨케어 스페셜, 베이스 메이크업 등"
1361,자화전자,033240,전자부품 제조업,"Bonded magenet,플라스틱자성제품,티탄산 바륨계 반도체소자,휴대전화용 Vibration Motor,전자관,전자부품 제조"
1362,진양홀딩스,100250,플라스틱제품 제조업,"투자,경영컨설팅"
1363,천일고속,000650,육상 여객 운송업,"고속버스운수(경부선,44개 노선),도로여객운수업,운수창고업,유류판매,부동산 임대"
1364,체시스,033250,자동차 신품 부품 제조업,"자동차부품,뒷차축 제조"
1365,카프로,006380,기초 화학물질 제조업,"카프로락탐,유안비료 제조"
1366,케이티앤지,033780,담배 제조업,"잎담배,제조담배,홍삼,홍삼제품 제조,판매"
1367,코리아써키트,007810,전자부품 제조업,"인쇄회로기판,Module 제조/부동산(건물) 임대"
1368,풍산,103140,1차 비철금속 제조업,
1369,하나금융지주,086790,기타 금융업,기타 금융
1370,하이골드12호,172580,운송장비 임대업,
1371,하이골드8호,159650,운송장비 임대업,선박펀드
1372,한국가스공사,036460,연료용 가스 제조 및 배관공급업,"액화천연가스 공급,제조,도매,개발"
1373,한국전력공사,015760,전기업,"전력자원개발,발전,송전,전력용기자재확보"
1374,한국항공우주,047810,"항공기,우주선 및 부품 제조업","정부방산 및 완제기 수출(T-50계열, KUH계열, KT-1계열 등), 기체부품"
1375,한성기업,003680,수산물 가공 및 저장 처리업,"냉동식품,햄제품 제조,도매,보관/원양어업"
1376,한솔피엔에스,010420,기타 전문 도매업,"정보시스템구축 및 유지보수, 포장재제조 및 가공, 지류가공 및 판매"
1377,한일홀딩스,003300,"시멘트, 석회, 플라스터 및 그 제품 제조업",지주사업
1378,한창,005110,기계장비 및 관련 물품 도매업,"소화기, 통신장비 유통"
1379,현대로템,064350,철도장비 제조업,"철도차량, 특수중기, 산업기계"
1380,현대미포조선,010620,선박 및 보트 건조업,"선박수리,선박개조,선박신조"
1381,현대백화점,069960,종합 소매업,백화점
1382,현대비앤지스틸,004560,1차 철강 제조업,"스텐레스냉연강판,특수강 제조"
1383,현대약품,004310,의약품 제조업,"타코실, 마이녹실, 테놀민, 미에로화이바 등"
1384,화성산업,002460,건물 건설업,아파트 건설
1385,화신,010690,자동차 신품 부품 제조업,"자동차엔진부품(ARM류,C/MBR류),자동차부품 제조"
1386,휴켐스,069260,기타 화학제품 제조업,"화합물,화학제품 제조"
1387,흥국화재,000540,보험업,손해보험
